filme,decada,score,nacionalidade,genero
"400 Blows, The",1950,0,Others,Crime
Araya,1950,3,Others,Documentary
Come Dance with Me!,1950,3,Others,Comedy
Good Morning (Ohay&ocirc;),1950,3,Others,Comedy
"Great War, The",1950,1,Others,Comedy
Battle in Outer Space,1950,1,Others,Action
Apur Sansar,1950,0,Others,Drama
"Bridge, The",1950,3,Others,Drama
Babette Goes to War,1950,3,Others,Comedy
Ballada o soldate,1950,1,Others,Drama
Les yeux sans visage,1960,3,Others,Drama
A bout de souffle,1960,0,Others,Crime
Late Autumn,1960,3,Others,Comedy
Body in the Web,1960,3,Others,Horror
Rocco and His Brothers,1960,2,Others,Crime
Black Sunday,1960,3,Others,Horror
Testament of Orpheus,1960,1,Others,Biography
Jigoku (Hell or The Sinners of Hell),1960,3,Others,Crime
"City of the Dead, The",1960,3,Others,Horror
Zazie dans le metro,1960,3,Others,Comedy
Make Mine Mink,1960,3,Others,Comedy
"Truth, The",1960,3,Others,Drama
"Virgin Spring, The",1960,3,Others,Drama
La Dolce Vita,1960,2,Others,Comedy
La ciociara,1960,3,Others,Drama
Peeping Tom,1960,2,Others,Drama
Le Trou,1960,0,Others,Crime
"Brides of Dracula, The",1960,3,Others,Horror
Shoot the Piano Player,1960,2,Others,Crime
School for Scoundrels,1960,1,Others,Comedy
Conspiracy of Hearts,1960,3,Others,Drama
Nerve on Sunday,1960,2,Others,Comedy
First Spaceship on Venus,1960,1,Others,Sci-Fi
"Bad Sleep Well, The",1960,1,Others,Crime
Les Bonnes Femmes,1960,3,Others,Drama
L&#39;avventura,1960,3,Others,Drama
Yojimbo,1960,1,Others,Action
Mysterious Island,1960,0,Others,Adventure
A Taste of Honey,1960,3,Others,Drama
La Notte,1960,3,Others,Drama
Mothra,1960,0,Others,Adventure
A Woman Is a Woman,1960,0,Others,Comedy
"Curse of the Werewolf, The",1960,3,Others,Horror
"Leon Morin, Priest",1960,3,Others,Drama
Accattone,1960,3,Others,Drama
Through a Glass Darkly,1960,0,Others,Drama
Flame in the Streets,1960,3,Others,Drama
Lola,1960,2,Others,Drama
"Please, Not Now!",1960,3,Others,Comedy
Why Bother to Knock,1960,2,Others,Comedy
Girls of the Night,1960,3,Others,Drama
Girl with a suitcase,1960,1,Others,Drama
Victim,1960,1,Others,Drama
Jules and Jim,1960,1,Others,Drama
Ivanovo detstvo,1960,1,Others,Drama
"Day of the Triffids, The",1960,3,Others,Horror
"Trial, The",1990,1,Others,Drama
Cleo from 5 to 7,1960,3,Others,Comedy
"Trial of Joan of Arc, The",1960,0,Others,Biography
"L-Shaped Room, The",1960,3,Others,Drama
La Jetee,1960,0,Others,Short
Les dimanches de Ville d&#39;Avray,1960,3,Others,Drama
"Loneliness of the Long Distance Runner, The",1960,3,Others,Drama
Boccaccio &acute;70,1960,2,Others,Comedy
War of the Buttons,1960,0,Others,Comedy
Cartouche,1960,1,Others,Action
Atraco a las tres,1960,1,Others,Comedy
Vivre Sa Vie,1960,3,Others,Drama
"Treasure of the Silver Lake, The",1960,1,Others,Adventure
Antoine and Colette,1960,0,Others,Short
Hara-Kiri,1960,0,Others,Action
L&#39;eclisse,1960,3,Others,Drama
"Exterminating Angel, The",1960,3,Others,Drama
Love on a Pillow,1960,3,Others,Drama
Only Two Can Play,1960,3,Others,Comedy
Adieu Philippine,1960,3,Others,Drama
"Bakery Girl of Monceau, The",1960,1,Others,Short
Lord of the Flies,1960,0,Others,Adventure
Carry on Cabby,1960,3,Others,Adventure
Contempt,1960,1,Others,Drama
Khaneh siah ast (The House is Black),1960,0,Others,Documentary
"Haunting, The",1960,3,Others,Horror
"Kiss of the Vampire, The",1960,2,Others,Horror
Tom Jones,1960,3,Others,Adventure
"Silence, The",1960,3,Others,Drama
"Guest, The",1960,0,Others,Drama
8&frac12;,1960,3,Others,Drama
Sanjuro,1960,3,Others,Action
El verdugo,1960,1,Others,Drama
Atragon,1960,0,Others,Action
Summer Holiday,1960,3,Others,Comedy
"Servant, The",1960,3,Others,Drama
Suzanne&#39;s Career,1960,3,Others,Drama
Winter Light,1960,1,Others,Drama
Unearthly Stranger,1960,1,Others,Horror
Winnetou,1960,1,Others,Adventure
Tamahine,1960,3,Others,Comedy
Matango,1960,3,Others,Horror
Mahanagar,1960,3,Others,Drama
Per un pugno di dollari (A Fisful of Dollars),1960,1,Others,Action
Der Geteilte Himmel (Divided Heaven),1960,2,Others,Drama
Woman in the Dunes,1960,0,Others,Drama
First Men in the Moon,1960,1,Others,Adventure
"Long Ships, The",1960,1,Others,Adventure
Band of Outsiders,1960,3,Others,Comedy
Zulu,1960,0,Others,Drama
Marriage Italian Style,1960,3,Others,Comedy
"Gospel According to St. Matthew, The",1960,1,Others,Biography
King &amp; Country,1960,0,Others,Drama
Onibaba,1960,0,Others,Drama
"Umbrellas of Cherbourg, The",1960,3,Others,Drama
Code Name: Tiger,1960,3,Others,Thriller
"Ghidorah, the Three-Headed Monster",1960,3,Others,Action
Carry On Cleo,1960,1,Others,Adventure
Red Desert,1960,3,Others,Drama
Godzilla vs. The Thing (Mothra vs. Godzilla),1960,1,Others,Adventure
Nikutai no mon [Gate of Flesh],1960,3,Others,Drama
La tia Tula,1960,3,Others,Drama
Seduced and abandoned,1960,3,Others,Comedy
Old Shatterhand,1960,1,Others,Adventure
Winnetou: The Red Gentleman,1960,1,Others,Adventure
Amongst Vultures,1960,0,Others,Adventure
Diary of a Chambermaid,1960,3,Others,Crime
Gulliver&#39;s Travels Beyond the Moon,1960,0,Others,Animation
Juliet of the Spirits,1960,3,Others,Comedy
Repulsion,1960,3,Others,Drama
A Study in Terror,1960,3,Others,Crime
Thunderball,1960,2,Others,Action
"Ipcress File, The",1960,1,Others,Drama
Alphaville,1960,1,Others,Drama
For a Few Dollars More,1960,0,Others,Drama
Viva Maria!,1960,3,Others,Adventure
Darling,1960,3,Others,Drama
"Pleasure Girls, The",1960,3,Others,Drama
Daikaiju Gamera,1960,2,Others,Action
Frankenstein Conquers the World,1960,1,Others,Horror
Kapurush,1960,0,Others,Drama
Devils of Darkness,1960,3,Others,Horror
Mne dvadtsat let (I am twenty),1960,3,Others,Drama
"Railrodder, The",1960,0,Others,Comedy
"Oil Prince, The",1960,1,Others,Western
Winnetou: The Last Shot,1960,0,Others,Action
Old Surehand,1960,1,Others,Adventure
Pyramid of the Sun God,1960,1,Others,Western
Treasure of the Aztecs,1960,1,Others,Adventure
Red Beard,1960,3,Others,Drama
"Knack... and How to Get It, The",1960,0,Others,Comedy
"Big Job, The",1960,3,Others,Comedy
"Wild Affair, The",1960,3,Others,Comedy
Persona,1960,3,Others,Drama
La battaglia di Algeri,1960,1,Others,Drama
"Good, the Bad and the Ugly, The",1960,1,Others,Adventure
Daisies,1960,3,Others,Comedy
Alfie,1960,1,Others,Comedy
End of August at the Hotel Ozone,1960,3,Others,Drama
Blow-Up,1960,0,Others,Drama
Cathy Come Home,1960,3,Others,Drama
Fahrenheit 451,1960,3,Others,Drama
Georgy Girl,1960,3,Others,Comedy
A Man for All Seasons,1960,1,Others,Biography
Django,1960,0,Others,Action
Andrei Rublev,1960,1,Others,Biography
L&#39;armata Brancaleone,1960,1,Others,Adventure
"Godzilla vs. the Sea Monster (Ebirah, Horror of the Deep)",1960,1,Others,Action
Daimajin,1960,1,Others,Drama
Return of Daimajin,1960,0,Others,Fantasy
Wrath of Daimajin,1960,0,Others,Drama
Daikaiju ketto: Gamera tai Barugon,1960,0,Others,Action
Black Girl,1960,3,Others,Drama
One Million Years B.C.,1960,1,Others,Adventure
"Plague of the Zombies, The",1960,3,Others,Horror
Dracula: Prince of Darkness,1960,1,Others,Horror
Tokyo Drifter,1960,1,Others,Action
La caza,1960,0,Others,Drama
"Who Are You, Polly Maggoo?",1960,1,Others,Comedy
Winnetou and the Crossbreed,1960,1,Others,Western
Winnetou und sein Freund Old Firehand,1960,1,Others,Western
Saraswathi Sabatham,1960,2,Others,Comedy
Eye of the Devil,1960,3,Others,Horror
Made in USA,1960,1,Others,Comedy
"Nun, The",1960,3,Others,Drama
Marketa Lazarova,1960,1,Others,Drama
You Only Live Twice,1960,1,Others,Action
I Am Curious (Yellow),1960,3,Others,Drama
Elvira Madigan,1960,0,Others,Biography
Belle de Jour,1960,3,Others,Drama
Bedazzled,1960,3,Others,Comedy
Berserk,1960,3,Others,Horror
Le Samourai,1960,1,Others,Crime
La collectionneuse,1960,1,Others,Comedy
Playtime,1960,3,Others,Comedy
Asterix the Gaul (Asterix le Gaulois),1960,0,Others,Animation
Smashing Time,1960,3,Others,Comedy
Son of Godzilla,1960,0,Others,Action
Uchu daikaiju Girara,1960,3,Others,Horror
Daikaiju kuchusen: Gamera tai Gyaosu,1960,0,Others,Action
Koroshi no rakuin [Branded to Kill],1960,1,Others,Action
Peppermint Frappe,1960,1,Others,Drama
"Young Girls of Rochefort, The",1960,3,Others,Comedy
A Countess from Hong Kong,1960,3,Others,Comedy
Accident,1960,1,Others,Drama
God Forgives... I Don&#39;t!,1960,0,Others,Western
"Django Kill... If You Live, Shoot!",1960,0,Others,Horror
"To Sir, with Love",1960,3,Others,Drama
Two Weeks in September,1960,3,Others,Drama
Robbery,1960,0,Others,Crime
Taiyo no oji: Horusu no daiboken,1960,0,Others,Animation
Romeo and Juliet,1960,3,Others,Drama
Barbarella,1960,3,Others,Action
If....,1960,1,Others,Crime
Carry On... Up the Khyber,1960,3,Others,Adventure
Up the Junction,1960,3,Others,Drama
"Bride Wore Black, The",1960,3,Others,Crime
Asterix et Cleopatre,1960,0,Others,Animation
Hour of the Wolf,1960,1,Others,Drama
Destroy All Monsters,1960,0,Others,Action
Il giorno della civetta,1960,0,Others,Crime
Gamera vs. Viras,1960,2,Others,Action
Reconstruction,1960,0,Others,Comedy
Dracula Has Risen from the Grave,1960,2,Others,Drama
Egri csillagok,1960,1,Others,Adventure
"Cat Has Nine Lives, The",1960,3,Others,Drama
"Today We Kill, Tomorrow We Die!",1960,0,Others,Drama
Oliver!,1960,2,Others,Drama
"Valley of Death, The",1960,0,Others,Western
"Django, Prepare a Coffin",1960,0,Others,Action
"Rape of the Vampire, The",1960,3,Others,Horror
Mandabi,1960,2,Others,Comedy
"Bat Woman, The",1960,3,Others,Adventure
Women in Love,1960,3,Others,Drama
"Prime of Miss Jean Brodie, The",1960,3,Others,Comedy
"Italian Job, The",1960,1,Others,Action
Kes,1960,1,Others,Drama
Mississippi Mermaid,1960,3,Others,Crime
Army of Shadows,1960,0,Others,Drama
On Her Majesty&#39;s Secret Service,1960,2,Others,Action
Age of Consent,1960,3,Others,Biography
Z,1960,1,Others,Crime
My Night at Maud&#39;s,1960,3,Others,Comedy
"Passion of Anna, The",1960,1,Others,Drama
"Swimming Pool, The",1960,3,Others,Crime
Django the Bastard,1960,0,Others,Action
Les femmes,1960,1,Others,Comedy
Le Cercle Rouge,1970,0,Others,Crime
Deep End,1970,1,Others,Comedy
"Vampire Lovers, The",1970,3,Others,Horror
Bambule,1970,3,Others,Drama
Les novices,1970,3,Others,Comedy
Scars of Dracula,1970,1,Others,Horror
Taste the Blood of Dracula,1970,3,Others,Drama
"Music Lovers, The",1970,1,Others,Biography
"Conformist, The",1970,3,Others,Drama
"Nachts, wenn Dracula erwacht",1970,1,Others,Drama
Dodes&#39;ka-den,1970,3,Others,Drama
Tristana,1970,2,Others,Drama
Donkey Skin,1970,3,Others,Comedy
Claire&#39;s Knee,1970,3,Others,Drama
"Things of Life, The",1970,1,Others,Drama
"Railway Children, The",1970,3,Others,Drama
They Call Me Trinity,1970,2,Others,Comedy
Pippi in the South Seas,1970,3,Others,Adventure
Le Boucher,1970,1,Others,Drama
Investigation of a Citizen Above Suspicion,1970,0,Others,Crime
El Topo,1970,2,Others,Drama
"Adventures of Gerard, The",1970,1,Others,Adventure
Walkabout,1970,1,Others,Adventure
Straw Dogs,1970,1,Others,Crime
Mon oncle Antoine,1970,3,Others,Drama
Frenchie King,1970,3,Others,Action
Lust for a Vampire,1970,3,Others,Horror
"Lady Hermit, The",1970,3,Others,Action
Death in Venice,1970,0,Others,Drama
Diamonds Are Forever,1970,1,Others,Action
Lulu the Tool,1970,1,Others,Drama
"House That Dripped Blood, The",1970,3,Others,Drama
"Devils, The",1970,3,Others,Biography
Nicholas and Alexandra,1970,3,Others,Biography
Vampyros Lesbos,1970,3,Others,Drama
Get Carter,1970,1,Others,Action
Bello onesto emigrato Australia sposerebbe compaesana illibata,1970,2,Others,Comedy
10 Rillington Place,1970,1,Others,Biography
Hannie Caulder,1970,0,Others,Crime
"Emigrants, The",1970,3,Others,Drama
Daughters of Darkness,1970,3,Others,Horror
Melody,1970,2,Others,Comedy
Anand,1970,2,Others,Drama
Trinity Is Still My Name,1970,1,Others,Comedy
Family Life,1970,3,Others,Drama
Rum Runners,1970,2,Others,Adventure
Dearest Love (Murmur of the Heart),1970,2,Others,Comedy
Solyaris,1970,1,Others,Drama
Une belle fille comme moi,1970,3,Others,Comedy
"Other Side of Underneath, The",1970,3,Others,Drama
Chloe in the Afternoon,1970,2,Others,Comedy
Cries and Whispers (Viskningar och rop),1970,3,Others,Drama
Aguirre: The Wrath of God,1970,2,Others,Action
Don&#39;t Torture a Duckling,1970,2,Others,Horror
"Dawns Here are Quiet, The",1970,3,Others,Drama
Last Tango in Paris,1970,3,Others,Drama
"Mattei Affair (Il caso Mattei), The",1970,0,Others,Biography
"L&#39;aventure, c&#39;est l&#39;aventure",1970,0,Others,Adventure
Sbatti il mostro in prima pagina,1970,1,Others,Drama
Godzilla vs. Gigan,1970,1,Others,Action
Wedding in White,1970,3,Others,Drama
"Bitter Tears of Petra von Kant , The",1970,3,Others,Drama
State of Siege,1970,0,Others,Crime
"Discreet Charm of the Bourgeoisie, The",1970,3,Others,Comedy
Lone Wolf and Cub: Sword of Vengeance,1970,0,Others,Action
Lone Wolf and Cub: Baby Cart at the River Styx,1970,2,Others,Action
Lone Wolf and Cub: Baby Cart in Peril,1970,0,Others,Action
Lone Wolf and Cub: Baby Cart to Hades,1970,0,Others,Action
All the Way Boys,1970,0,Others,Action
Night of the Felines,1970,3,Others,Comedy
Ivan Vasilevich menyaet professiyu,1970,1,Others,Adventure
Don&#39;t look now,1970,3,Others,Drama
"Wicker Man, The",1970,3,Others,Horror
"Mad Adventures of &#39;Rabbi&#39; Jacob, The",1970,2,Others,Adventure
"Spirit of the Beehive, The",1970,3,Others,Drama
A Touch of Class,1970,2,Others,Comedy
"Holy Mountain, The",1970,1,Others,Adventure
"Legend of Hell House, The",1970,3,Others,Horror
Live and Let Die,1970,1,Others,Action
Don Juan (Or If Don Juan Were a Woman),1970,3,Others,Drama
Day for Night,1970,3,Others,Comedy
Godzilla vs. Megalon,1970,0,Others,Action
Lady Snowblood,1970,3,Others,Action
Turkish Delight,1970,3,Others,Drama
El ataque de los muertos sin ojos [Return of the Evil Dead],1970,3,Others,Horror
A Doll&#39;s House,1970,3,Others,Drama
World on a Wire,1970,2,Others,Crime
"Satanic Rites of Dracula, The",1970,1,Others,Horror
Fantastic Planet,1970,0,Others,Animation
"Knock Out Cop, The",1970,0,Others,Action
Female Vampire,1970,3,Others,Horror
La nuit des etoiles filantes,1970,3,Others,Horror
La rose de fer,1970,0,Others,Drama
My Name Is Nobody,1970,0,Others,Comedy
Les noces rouges,1970,3,Others,Crime
Amarcord,1970,2,Others,Comedy
Carry on Girls,1970,3,Others,Comedy
Belladonna Of Sadness,1970,0,Others,Animation
Now where did the seventh company get to,1970,0,Others,Action
Celine and Julie Go Boating,1970,3,Others,Comedy
"Odessa File, The",1970,3,Others,Drama
Black Christmas,1970,3,Others,Horror
Edvard Munch,1970,1,Others,Biography
Ali: Fear Eats the Soul,1970,3,Others,Drama
"Man with the Golden Gun, The",1970,1,Others,Action
Brief Encounter,1940,3,Others,Drama
Going Places,1970,2,Others,Action
Emmanuelle,1970,3,Others,Drama
"Legend of the 7 Golden Vampires, The",1970,1,Others,Action
"Je, tu, il, elle",1970,3,Others,Drama
Non si deve profanare il sonno dei morti [The Living Dead at Manchester Morgue],1970,2,Others,Horror
Dracula,1970,3,Others,Drama
Vampyres,2010,3,Others,Horror
Kozure Okami: Jigoku e ikuzo! Daigoro,1970,0,Others,Action
"Watch Out, We&#39;re Mad",1970,0,Others,Action
Picnic at Hanging Rock,1970,3,Others,Drama
"Ironiya sudby, ili S legkim parom!",1970,2,Others,Comedy
Tommy,1970,1,Others,Drama
Fawlty Towers,1970,3,Others,Comedy
Dersu Uzala,1970,0,Others,Adventure
Monty Python and the Holy Grail,1970,2,Others,Adventure
Dialogues of Exiles,1970,3,Others,Comedy
"Jeanne Dielman, 23 Quai du Commerce, 1080 Bruxelles",1970,3,Others,Drama
"Mirror, The",1970,3,Others,Biography
"Story of O, The",1970,3,Others,Drama
Zorro,1970,1,Others,Action
Terror of Mechagodzilla,1970,1,Others,Action
Blonde in Black Leather,1970,3,Others,Comedy
Emmanuelle II,1970,3,Others,Drama
Deep Red,1970,3,Others,Horror
"Sal&ograve; o le 120 giornate di Sodoma [Salo, or the 120 Days of Sodom]",1970,3,Others,Drama
Katie Tippel,1970,3,Others,Drama
Inserts,1970,1,Others,Comedy
Numero deux,1970,3,Others,Documentary
Flatfoot in Hong Kong,1970,1,Others,Action
"Count of Monte-Cristo, The",1970,1,Others,Adventure
L&#39;histoire d&#39;Ad&egrave;le H.,1970,3,Others,Biography
Ecstasy of the Black Rose,1970,1,Others,Drama
"Man Who Fell to Earth, The",1970,1,Others,Drama
Les Douze Travaux d&#146;Ast&eacute;rix (the Twelve Tasks of Asterix),1970,1,Others,Animation
Sebastiane,1970,1,Others,Drama
In the Realm of the Senses,1970,3,Others,Drama
Small Change,1970,3,Others,Comedy
"Little Girl Who Lives Down the Lane, The",1970,3,Others,Drama
Il secondo tragico Fantozzi,1970,1,Others,Comedy
"Desert of the Tartars, The",1970,0,Others,Drama
Pascual Duarte,1970,1,Others,Drama
"Tenant, The",1970,1,Others,Drama
Az otodik pecset,1970,1,Others,Drama
Allegro non troppo,1970,0,Others,Animation
Keoma,1970,1,Others,Drama
Canoa: A Shameful Memory,1970,0,Others,Adventure
Mandinga,1970,1,Others,Adventure
Emmanuelle bianca e nera,1970,2,Others,Drama
L&#39;innocente,1970,2,Others,Drama
Sluzhebnyy roman,1970,3,Others,Comedy
Stroszek,1970,0,Others,Comedy
Soldaat van Oranje,1970,1,Others,Drama
Suspiria,1970,3,Others,Horror
House,1970,3,Others,Comedy
A Special Day,1970,2,Others,Drama
"Devil, Probably, The",1970,2,Others,Drama
ABBA: The Movie,1970,1,Others,Documentary
"Man Who Loved Women, The",1970,1,Others,Comedy
"36 Crazy Fists, The",1970,0,Others,Action
"Haunting of Julia, The",1970,3,Others,Drama
Orca,1970,1,Others,Adventure
Alucarda,1970,3,Others,Horror
Peppermint Soda,1970,3,Others,Comedy
Rabid,1970,3,Others,Horror
Emmanuelle 3,1970,3,Others,Drama
Love Camp,1970,3,Others,Adventure
March or Die,1970,0,Others,Adventure
Quel maledetto treno blindato,1970,0,Others,Action
H&ouml;stsonaten,1970,3,Others,Drama
"Shout, The",1970,0,Others,Drama
Watership Down,1970,1,Others,Animation
Death on the Nile,1970,3,Others,Crime
"Hound of the Baskervilles, The",1970,3,Others,Comedy
La cage aux folles,1970,2,Others,Comedy
Ringing Bell (Chirin no Suzu),1970,0,Others,Animation
Lo chiamavano Bulldozer,1970,0,Others,Action
Jubilee,1970,3,Others,Comedy
Life of Brian,1970,3,Others,Comedy
Die Blechtrommel,1970,3,Others,Drama
"Marriage of Maria Braun, The",1970,3,Others,Drama
Nosferatu the Vampyre,1970,0,Others,Drama
Stalker,1970,1,Others,Drama
Quadrophenia,1970,1,Others,Drama
L&#39;hypothese du tableau vole,1970,0,Others,Drama
My Brilliant Career,1970,3,Others,Biography
Meatballs,1970,3,Others,Comedy
Mad Max,1970,3,Others,Action
Rupan sansei: Kariosutoro no shiro,1970,3,Others,Animation
Osenniy marafon,1970,1,Others,Comedy
Scum,1970,0,Others,Crime
Buffet froid,1970,0,Others,Comedy
Retour &agrave; la bien-aim&eacute;e,1970,1,Others,Crime
Moskva slezam ne verit,1980,3,Others,Comedy
Atlantic City,1980,3,Others,Crime
La terrazza,1980,3,Others,Comedy
Cannibal Holocaust,1980,1,Others,Adventure
"Pepi, Luci, Bom and Other Girls Like Mom",1980,3,Others,Comedy
Nightmare City,1980,3,Others,Horror
"King and the Mockingbird, The",1980,0,Others,Animation
"Mirror Crack&#39;d, The",1980,3,Others,Crime
Indul a bakterhaz,1980,1,Others,Comedy
"Party, The",1980,3,Others,Comedy
"Woman Next Door, The",1980,3,Others,Drama
Umrao Jaan,1980,3,Others,Drama
Quest for Fire,1980,1,Others,Adventure
Das Boot,1980,0,Others,Drama
Lady Chatterley&#39;s Lover,1980,3,Others,Drama
Time Bandits,1980,1,Others,Adventure
Outland,1980,1,Others,Action
Christiane F. - Wir Kinder vom Bahnhof Zoo,1980,3,Others,Biography
Horror Planet,1980,3,Others,Horror
Der subjektive Faktor,1980,3,Others,Drama
Il marchese del Grillo,1980,3,Others,Comedy
Gregory&#39;s Girl,1980,3,Others,Comedy
Chariots of Fire,1980,1,Others,Biography
...E tu vivrai nel terrore! L&#39;aldila (The Beyond),1980,3,Others,Horror
Happy Birthday to Me,1980,3,Others,Horror
La fuga de Segovia,1980,0,Others,Crime
Diva,1980,1,Others,Crime
"Masked Avengers, The",1980,0,Others,Action
Scanners,1980,1,Others,Horror
Cannibal Ferox,1980,3,Others,Adventure
Possession,1980,1,Others,Drama
Maeve,1980,3,Others,Drama
My Bloody Valentine,1980,2,Others,Horror
Le Retour de Martin Guerre,1980,3,Others,Biography
Sophie&#39;s Choice,1980,3,Others,Drama
"Draughtsman&#39;s Contract, The",1980,2,Others,Comedy
Fanny and Alexander,1980,3,Others,Drama
Godard&#39;s Passion,1980,3,Others,Comedy
Porky&#39;s,1980,2,Others,Comedy
Countryman,1980,0,Others,Drama
Banana Joe,1980,0,Others,Action
Pink Floyd The Wall,1980,0,Others,Drama
Finye (The Wind),1980,3,Others,Drama
Tenebre,1980,2,Others,Horror
Mil gritos tiene la noche [Pieces],1980,1,Others,Horror
"Scarlet Pimpernel, The",1980,2,Others,Action
Monty Python Live at the Hollywood Bowl,1980,1,Others,Documentary
"Party 2, The",1980,3,Others,Comedy
Gandhi,1980,2,Others,Biography
Deux heures moins le quart avant Jesus-Christ,1980,2,Others,Comedy
Piratensender Power Play,1980,1,Others,Comedy
Educating Rita,1980,3,Others,Comedy
"Hunger, The",1980,3,Others,Drama
"Ballad of Narayama, The",1980,3,Others,Drama
Yellowbeard,1980,1,Others,Action
Dark Habits,1980,3,Others,Comedy
Local Hero,1980,1,Others,Comedy
Videodrome,1980,2,Others,Horror
Los renglones torcidos de Dios,1980,3,Others,Drama
Merry Christmas Mr Lawrence,1980,0,Others,Drama
Octopussy,1980,2,Others,Action
"Meaning of Life , The",1980,1,Others,Comedy
"4th Man, The",1980,1,Others,Drama
Mortelle randonn&eacute;e,1980,3,Others,Crime
El pico,1980,1,Others,Drama
Barefoot Gen,1980,3,Others,Animation
Die Supernasen,1980,1,Others,Comedy
Women&#39;s Prison Massacre,1980,3,Others,Action
Confidentially Yours,1980,2,Others,Comedy
Life Is a Bed of Roses,1980,3,Others,Comedy
Kaze no tani no Naushika,1980,3,Others,Animation
"Paris, Texas",1980,1,Others,Drama
What Have I Done to Deserve This?,1980,3,Others,Comedy
"Jewel in the Crown, The",1980,3,Others,Drama
A Private Function,1980,3,Others,Comedy
Poison for the Fairies,1980,3,Others,Fantasy
Non ci resta che piangere,1980,1,Others,Comedy
Secret Places,1980,3,Others,Drama
Another Country,1980,0,Others,Biography
Los santos inocentes,1980,3,Others,Drama
Razorback,1980,1,Others,Horror
El pico 2,1980,1,Others,Drama
Nineteen Eighty-Four,1980,1,Others,Drama
Marche &agrave; l&#39;ombre,1980,1,Others,Comedy
Zwei Nasen tanken Super,1980,1,Others,Comedy
She,1980,1,Others,Action
Emmanuelle IV,1980,3,Others,Drama
"Company of Wolves, The",1980,3,Others,Drama
Otac na sluzbenom putu,1980,3,Others,Drama
Tomo yo shizukani nemure,1980,2,Others,Crime
Sans toi ni loi (Vagabond),1980,3,Others,Drama
A Room with a View,1980,3,Others,Drama
Huang tudi (Yellow Earth),1980,0,Others,Drama
Mr Vampire (Geung si sin sang),1980,1,Others,Action
Ran,1980,1,Others,Action
Ast&eacute;rix et la Surprise de C&eacute;asar (Asterix vs. Caesar),1980,0,Others,Animation
Wetherby,1980,3,Others,Drama
Detective,1980,1,Others,Comedy
Phenomena,1980,3,Others,Crime
"Official Story, The",1980,3,Others,Drama
My Beautiful Laundrette,1980,2,Others,Comedy
Tampopo,1980,1,Others,Comedy
Come and See,1980,0,Others,Drama
"Quiet Earth, The",1980,0,Others,Drama
Dreamchild,1980,3,Others,Biography
Angel&#39;s Egg,1980,0,Others,Animation
Night on the Galactic Railroad,1980,0,Others,Animation
Ninja Terminator,1980,2,Others,Action
Esperando la carroza,1980,3,Others,Comedy
Bebukottak,1980,0,Others,Documentary
"Treasure of Swamp Castle, The",1980,2,Others,Animation
Les specialistes,1980,0,Others,Adventure
Sindhu Bhairavi,1980,2,Others,Drama
Die Einsteiger,1980,1,Others,Comedy
My Life as a Dog,1980,1,Others,Drama
Tenk&ucirc; no shiro Rapyuta,1980,3,Others,Animation
Kin-Dza-Dza,1980,0,Others,Comedy
"Adventures of Milo and Otis, The",1980,1,Others,Adventure
Project A-ko,1980,3,Others,Animation
Crocodile Dundee,1980,3,Others,Action
Asterix in Britain (Asterix chez les Bretons),1980,0,Others,Animation
Rosa Luxemburg,1980,3,Others,Biography
Il caso Moro,1980,0,Others,Crime
Peking Opera Blues,1980,3,Others,Action
"Name Of The Rose, The",1980,0,Others,Drama
Matador,1980,3,Others,Drama
"Fugitives, The",1980,0,Others,Comedy
Pirates,1980,0,Others,Action
Macskafogo,1980,1,Others,Animation
Terrorizers,1980,2,Others,Crime
Betty Blue,1980,2,Others,Drama
Flying,1980,3,Others,Drama
L&#39;&eacute;t&eacute; en pente douce,1980,0,Others,Comedy
Babette&#39;s Feast,1980,3,Others,Drama
"Wonderful Wizard of Oz, The",1980,3,Others,Animation
Around the World in Eighty Ways,1980,3,Others,Comedy
Withnail &amp; I,1980,1,Others,Comedy
Bagdad Cafe,1980,3,Others,Comedy
I&#39;ve Heard the Mermaids Singing,1980,3,Others,Comedy
Wings of Desire,1980,0,Others,Drama
Maurice,1980,2,Others,Drama
High Tide,1980,3,Others,Drama
"Last Emperor, The",1980,3,Others,Biography
Hellraiser,1980,3,Others,Horror
Ngati,1980,3,Others,Drama
"Gate, The",1980,2,Others,Fantasy
Au Revoir Les Enfants,1980,1,Others,Drama
Bad Taste,1980,0,Others,Comedy
El bosque animado,1980,3,Others,Comedy
La ley del deseo,1980,3,Others,Comedy
Epidemic,1980,1,Others,Drama
A Better Tomorrow II,1980,0,Others,Action
Emmanuelle 5,1980,0,Others,Action
Where is the friend&#39;s house,1980,0,Others,Drama
Opera,1980,3,Others,Crime
Tonari no Totoro,1980,3,Others,Animation
L&#39;etudiante,1980,3,Others,Comedy
Akira,1980,1,Others,Animation
Women on the Verge of a Nervous Breakdown,1980,3,Others,Comedy
"Distant Voices, Still Lives",1980,3,Others,Drama
Appleseed,2000,3,Others,Animation
Rock &#39;n&#39; Roll Mom,1980,3,Others,Adventure
Dead Ringers,1980,2,Others,Drama
Cinema Paradiso,1980,1,Others,Drama
Gakk&ocirc; no kaidan G,1980,0,Others,Horror
Hellbound: Hellraiser II,1980,1,Others,Horror
Spoorloos,1980,1,Others,Mystery
Wong gok ka moon,1980,0,Others,Crime
Remando al viento [Rowing with the Wind],1980,2,Others,Drama
Igla,1980,0,Others,Drama
&#39;Gator Bait 2: Cajun Justice,1980,0,Others,Action
Emmanuelle 6,1980,3,Others,Drama
Kung-Fu Master!,1980,3,Others,Drama
Crocodile Dundee II,1980,2,Others,Action
Chocolat,1980,3,Others,Drama
Shame,1980,3,Others,Crime
On the Silver Globe,1980,1,Others,Adventure
Jane B. for Agnes V.,1980,3,Others,Biography
Resan till Melonia,1980,1,Others,Animation
Majo no takky&ucirc;bin (Kiki&#39;s Delivery Service),1980,3,Others,Animation
Przesluchanie,1980,3,Others,Crime
Henry V,1980,3,Others,Biography
"Seventh Continent, The",1980,3,Others,Drama
Meet The Feebles,1980,3,Others,Comedy
Oranges Are Not The Only Fruit,1980,3,Others,Drama
"Cook, the Thief, His Wife &amp; Her Lover, The",1980,1,Others,Crime
Dead Calm,1980,0,Others,Horror
Leningrad Cowboys Go America,1980,0,Others,Comedy
Godzilla vs. Biollante,1980,3,Others,Action
My Left Foot,1980,3,Others,Biography
Celia,1980,3,Others,Drama
"Killer, The",1980,0,Others,Action
Life Is Sweet,1990,3,Others,Comedy
Nikita,1990,3,Others,Action
"I, the Worst of All",1990,3,Others,Biography
Bimbos B.C.,1990,3,Others,Comedy
Close-Up,1990,1,Others,Biography
Qin yong,1990,3,Others,Adventure
I Hired a Contract Killer,1990,0,Others,Comedy
Strangers in Good Company,1990,3,Others,Adventure
Troll 2,1990,3,Others,Comedy
A Tale of Springtime,1990,3,Others,Comedy
"Match Factory Girl, The",1990,3,Others,Comedy
Europa Europa,1990,2,Others,Drama
Portrait of a Marriage,1990,3,Others,Biography
Dragon Ball Z: The Movie - The Tree of Might,1990,1,Others,Animation
"Nasty Girl (Das schreckliche M&auml;dchen), The",1990,3,Others,Comedy
Dragon Ball Z: Bardock - The Father of Goku,1990,0,Others,Animation
Hidden Agenda,1990,3,Others,Drama
"Reflecting Skin, The",1990,1,Others,Drama
Barbarian Queen II: The Empress Strikes Back,1990,3,Others,Action
"Sheltering Sky, The",1990,0,Others,Adventure
Bullet in the Head,1990,1,Others,Action
"No Retreat, No Surrender 3: Blood Brothers",1990,0,Others,Action
Days of Being Wild,1990,2,Others,Crime
Omohide poro poro,1990,3,Others,Animation
Tacones Lejanos,1990,3,Others,Comedy
Flirting,1990,2,Others,Drama
Raise the Red Lantern,1990,3,Others,Drama
"Double Life of Veronique, The",1990,3,Others,Drama
Salmonberries,1990,3,Others,Drama
Black Robe,1990,1,Others,Adventure
&#39;Merci la vie&#39;,1990,3,Others,Drama
Rubin and Ed,1990,0,Others,Comedy
Europa,1990,0,Others,Crime
"Lovers on the Bridge, The",1990,1,Others,Drama
Dragon Ball Z: Cooler&#39;s Revenge,1990,0,Others,Animation
Nekromantik 2,1990,1,Others,Horror
Hachi-gatsu no rapusodi,1990,3,Others,Drama
Paprika,1990,3,Others,Drama
Riff-Raff,1990,0,Others,Comedy
Mediterraneo,1990,2,Others,Comedy
Until the End of the World,1990,3,Others,Action
"Manta, Manta",1990,3,Others,Comedy
Full Contact,1990,1,Others,Action
Orlando,1990,2,Others,Biography
Enchanted April,1990,3,Others,Drama
"Crying Game, The",1990,2,Others,Crime
Porco Rosso (Kurenai no Buta),1990,1,Others,Animation
King of Beggars,1990,2,Others,Action
Dead Alive,1990,3,Others,Comedy
Como agua para chocolate,1990,3,Others,Drama
Damage,1990,3,Others,Drama
"Lawnmower Man, The",1990,1,Others,Horror
Un Coeur en Hiver,1990,3,Others,Drama
Doragon b&ocirc;ru Z: Atsumare! Gok&ucirc; W&acirc;rudo,1990,0,Others,Animation
Dragon Ball Z: The Return of Cooler,1990,0,Others,Animation
Peter&#39;s Friends,1990,3,Others,Comedy
Dragon Inn,1990,3,Others,Action
Freddie as F.R.O.7.,1990,1,Others,Animation
Split Second,1990,0,Others,Action
Hard Boiled,1990,0,Others,Action
Bitter Moon,1990,3,Others,Drama
Dien Bien Phu,1990,0,Others,Drama
"Lover / L&#39;amant, The",1990,1,Others,Biography
Strictly Ballroom,1990,1,Others,Comedy
Schtonk,1990,3,Others,Comedy
Umi ga kikoeru,1990,3,Others,Animation
Bad Boy Bubby,1990,1,Others,Comedy
Three Colors: Blue,1990,3,Others,Drama
Fei hu wai zhuan,1990,2,Others,Action
"Piano, The",1990,3,Others,Drama
Sonatine,1990,0,Others,Action
Little Buddha,1990,1,Others,Drama
Gekij&ocirc;-ban - Bish&ocirc;jo senshi S&ecirc;r&acirc; M&ucirc;n R (Sailor Moon R the Movie: The Promise of the Rose),1990,3,Others,Animation
"Heroic Trio, The",1990,3,Others,Action
Naked,1990,3,Others,Comedy
"Evil Cult, The",1990,3,Others,Action
Indien,1990,0,Others,Comedy
Bhaji on the Beach,1990,3,Others,Adventure
Farewell My Concubine,1990,0,Others,Drama
Dragon Ball Z: The History of Trunks,1990,1,Others,Animation
Kika,1990,3,Others,Comedy
Space Zombie Bingo!!!,1990,0,Others,Comedy
"Gatica, el mono",1990,1,Others,Biography
Fong Sai Yuk,1990,3,Others,Action
Heisei tanuki gassen pompoko,1990,1,Others,Animation
Heavenly Creatures,1990,3,Others,Biography
"Return of Jafar, The",1990,0,Others,Animation
Pat and Margaret,1990,3,Others,Comedy
Muriel&#39;s Wedding,1990,3,Others,Comedy
Mina Tannenbaum,1990,3,Others,Drama
Priest,1990,3,Others,Drama
Legend of the Red Dragon / Hong Xi Guan: Zhi Shao Lin wu zu,1990,3,Others,Action
Fear City: A Family-Style Comedy,1990,3,Others,Comedy
J&#39;ai pas sommeil,1990,3,Others,Drama
Wing Chun,1990,2,Others,Action
Giorgino,1990,3,Others,Adventure
Gekij&ocirc;-ban - Bish&ocirc;jo senshi S&ecirc;r&acirc; M&ucirc;n S (Sailor Moon S the Movie: Hearts in Ice),1990,3,Others,Animation
"Adventures of Priscilla, Queen of the Desert, The",1990,3,Others,Comedy
Getting Any?,1990,0,Others,Comedy
Chungking Express,1990,1,Others,Comedy
Three Colors: White,1990,1,Others,Comedy
Sister My Sister,1990,3,Others,Drama
Uncovered,1990,3,Others,Mystery
Frit&auml;nkaren,1990,3,Others,Biography
Wrony,1990,3,Others,Drama
See How They Fall,1990,1,Others,Crime
Four Weddings and a Funeral,1990,3,Others,Comedy
Dias contados,1990,3,Others,Crime
"Legend of Drunken Master, The",1990,3,Others,Action
Kan du vissla Johanna?,1990,0,Others,Family
Sirens,1990,3,Others,Comedy
Die gottliche Ordnung,1990,3,Others,Comedy
Vive L&#39;Amour,1990,0,Others,Drama
Revenge of the Musketeers,1990,3,Others,Action
Satantango,1990,2,Others,Drama
Mimi wo sumaseba (Whisper of the Heart),1990,3,Others,Animation
Cold Comfort Farm,1990,3,Others,Comedy
K&ocirc;kaku kid&ocirc;tai (Ghost in the Shell),1990,0,Others,Animation
When Night is Falling,1990,3,Others,Drama
Antonia&#39;s Line,1990,3,Others,Comedy
Aladdin and the King of Thieves,1990,1,Others,Animation
Pride and Prejudice,1990,3,Others,Drama
Butterfly Kiss,1990,3,Others,Comedy
Rumble in the Bronx (Hung fan kui),1990,1,Others,Action
Fallen Angels,1990,1,Others,Comedy
"Sailor Moon SuperS the Movie, The Ten Senshi Unite, Mystery of the Black Dream Hole (Sailor Moon Super S the Movie: Black Dream",1990,3,Others,Animation
La Haine,1990,0,Others,Crime
Maborosi,1990,3,Others,Drama
Ringu Kanzenban,1990,1,Others,Horror
Dragon Ball Z: Wrath of the Dragon,1990,2,Others,Animation
Dilwale Dulhania Le Jayenge,1990,3,Others,Drama
Nadie hablara de nosotras cuando hayamos muerto,1990,3,Others,Crime
El dia de la bestia,1990,3,Others,Action
Grim,1990,3,Others,Horror
Catnapped! The Movie,1990,3,Others,Animation
Land and Freedom,1990,1,Others,Drama
La flor de mi secreto,1990,3,Others,Comedy
Magic in the Water,1990,1,Others,Adventure
Total Eclipse,1990,1,Others,Biography
"Englishman Who Went Up a Hill But Came Down a Mountain, The",1990,0,Others,Comedy
Indira,1990,2,Others,Drama
La c&eacute;r&eacute;monie,1990,3,Others,Crime
Les apprentis,1990,1,Others,Comedy
True Crime,1990,3,Others,Crime
Le hussard sur le toit,1990,3,Others,Adventure
Alice in Wonderland,1990,3,Others,Animation
Libertarias,1990,3,Others,Drama
Fire,1990,3,Others,Crime
Love and Other Catastrophes,1990,3,Others,Comedy
Secrets &amp; Lies,1990,3,Others,Comedy
Ridicule,1990,1,Others,Comedy
Connie Gomper &amp; the Pack,1990,0,Others,N/A
Charlot og Charlotte,1990,3,Others,Drama
Beyond Silence (Jenseits der Stille),1990,3,Others,Drama
Pusher,1990,0,Others,Crime
Swallowtail Butterfly,1990,3,Others,Crime
When the Cat&#39;s Away,1990,3,Others,Comedy
"God of Cookery, The",1990,1,Others,Action
Kids Return,1990,3,Others,Crime
Three Lives and Only One Death,1990,2,Others,Comedy
Irma Vep,1990,3,Others,Comedy
Welcome to the Discworld,1990,0,Others,Short
Crash,1990,3,Others,Drama
"A Jin de gushi / Ah Kam, the Stunt woman",1990,1,Others,Action
Stealing Beauty,1990,3,Others,Drama
Tenchi Muy&ocirc;! In Love,1990,3,Others,Animation
Va&#39; dove ti porta il cuore,1990,3,Others,Drama
La belle verte,1990,3,Others,Comedy
Twelfth Night or What You Will,1990,3,Others,Comedy
Un air de famille,1990,3,Others,Comedy
Tremors II: Aftershocks,1990,0,Others,Action
Sonic the Hedgehog: The Movie,1990,0,Others,Animation
La lengua asesina,1990,3,Others,Comedy
"Love, etc.",1990,1,Others,Comedy
Mononoke-hime,1990,3,Others,Animation
Wilde,1990,3,Others,Biography
La vita &egrave; bella,1990,0,Others,Comedy
Cube,1990,3,Others,Horror
Career Girls,1990,1,Others,Comedy
Funny Games,1990,3,Others,Crime
Spice World,1990,3,Others,Comedy
Actrius,1990,3,Others,Drama
Taste of Cherry,1990,0,Others,Drama
"Castle, The",1990,3,Others,Comedy
"Well, The",1990,3,Others,Drama
Chun gwong cha sit (Happy Together),1990,0,Others,Drama
Smilla&#39;s Sense of Snow,1990,3,Others,Crime
My Life in Pink ( Ma Vie En Rose ),1990,3,Others,Drama
Fever Pitch,1990,3,Others,Comedy
Ayneh,1990,3,Others,Drama
"Wrong Guy, The",1990,1,Others,Comedy
La principessa e il povero,1990,3,Others,Fantasy
Le Acrobate,1990,3,Others,Drama
Neon Genesis Evangelion: The End of Evangelion,1990,3,Others,Animation
Knockin&#39; on Heaven&#39;s Door,1990,1,Others,Action
Hardboiled Egg,1990,2,Others,Comedy
Open Your Eyes,1990,1,Others,Drama
Fireworks,1990,1,Others,Crime
Cure,1990,1,Others,Crime
Pooh&#39;s Grand Adventure: The Search for Christopher Robin,1990,0,Others,Animation
Carne tr&eacute;mula [Live Flesh],1990,2,Others,Drama
Csinibaba,1990,1,Others,Comedy
Children of Heaven,1990,3,Others,Drama
Wand&acirc;furu raifu,1990,3,Others,Drama
Little Voice,1990,3,Others,Comedy
Hideous Kinky,1990,3,Others,Adventure
Show Me Love,1990,3,Others,Comedy
"Secret of NIMH 2: Timmy to the Rescue, The",1990,1,Others,Animation
"Dreamlife of Angels, The",1990,3,Others,Drama
Perfect Blue,1990,3,Others,Animation
Love &amp; Pop,1990,3,Others,Drama
Elizabeth,1990,3,Others,Biography
Run Lola Run,1990,3,Others,Action
Get Real,1990,2,Others,Comedy
"Idiots, The",1990,3,Others,Comedy
Festen (The Celebration),1990,3,Others,Drama
Scooby-Doo on Zombie Island,1990,3,Others,Animation
"Storm Riders, The",1990,1,Others,Action
"Lion King 2: Simba&#39;s Pride, The",1990,3,Others,Animation
Glasblasarns barn,1990,3,Others,Drama
Ring (Ringu),1990,3,Others,Horror
"Black Cat, White Cat",1990,3,Others,Comedy
Yeogo goedam,1990,3,Others,Drama
Rasen,1990,1,Others,Drama
"Dinner Game, The",1990,1,Others,Comedy
Kuch Kuch Hota Hai,1990,3,Others,Comedy
Vildspor,1990,1,Others,Drama
Batman &amp; Mr. Freeze: SubZero,1990,2,Others,Animation
Last Night,1990,1,Others,Comedy
Tango,1990,1,Others,Drama
Barrio,1990,3,Others,Drama
2 seconds,1990,3,Others,Comedy
My Name Is Joe,1990,3,Others,Drama
Kirikou and the Sorceress,1990,2,Others,Animation
Zimmer Feri,1990,2,Others,Comedy
L&#39;ennui,1990,1,Others,Romance
Pocahontas 2: Journey to a New World,1990,3,Others,Animation
FernGully 2: The Magical Rescue,1990,3,Others,Animation
Kite,1990,0,Others,Animation
Taxi,2010,3,Others,Comedy
Disembodied,1990,3,Others,Horror
Todo sobre mi madre (All About My Mother),1990,3,Others,Comedy
Sonnenallee,1990,1,Others,Comedy
Kikujiro,1990,0,Others,Drama
Pocket Monsters: Mewtwo Strikes Back!,1990,1,Others,Animation
Why Not Me?,1990,3,Others,Comedy
Better Than Chocolate,1990,3,Others,Comedy
Not One Less (Yi ge dou bu neng shao),1990,3,Others,Drama
Memento Mori,1990,3,Others,Horror
6ixtynin9,1990,3,Others,Comedy
New Waterford Girl,1990,3,Others,Comedy
Redball,1990,3,Others,Thriller
Shojo kakumei Utena: Adolescence mokushiroku,1990,3,Others,Animation
Ring 2 (Ringu 2),1990,3,Others,Horror
Gigantics,1990,1,Others,Comedy
eXistenZ,1990,1,Others,Horror
Beau travail,1990,3,Others,Drama
Tomie,1990,3,Others,Crime
Tomie: Anaza Feisu,1990,2,Others,Horror
Tea with Mussolini,1990,3,Others,Comedy
Juha,1990,0,Others,Comedy
Human Traffic,1990,3,Others,Comedy
Audition,1990,1,Others,Drama
Aimee &amp; Jaguar,1990,3,Others,Biography
Ring,1990,3,Others,Horror
Asterix and Obelix vs. Caesar,1990,1,Others,Adventure
Los sin nombre,1990,3,Others,Drama
Screwed in Tallinn,1990,3,Others,Comedy
East Is East,1990,3,Others,Comedy
Beautiful People,1990,1,Others,Comedy
Outer Space,1990,0,Others,Short
Scooby-Doo! and The Witch&#146;s Ghost,1990,3,Others,Animation
Digimon Adventure,1990,0,Others,Animation
Joseph and the Amazing Technicolour Dreamcoat,1990,0,Others,Musical
Bread and Roses,2000,3,Others,Drama
Ginger Snaps,2000,3,Others,Drama
J.S.A.: Joint Security Area,2000,2,Others,Action
Pokemon: The Movie 2000,2000,3,Others,N/A
An Extremely Goofy Movie,2000,1,Others,Animation
Dragonheart: A New Beginning,2000,0,Others,Action
Battle Royale,2000,3,Others,Action
Kao (Face),2000,3,Others,Comedy
Beautiful Creatures,2000,3,Others,Comedy
"Circle, The",2000,3,Others,Drama
Kevin &amp; Perry Go Large,2000,3,Others,Comedy
Mr. Accident,2000,3,Others,Comedy
"Man Who Cried, The",2000,3,Others,Drama
Joseph: King of Dreams,2000,3,Others,Animation
Together,2000,3,Others,Comedy
Billy Elliot,2000,3,Others,Drama
"Isle, The",2000,1,Others,Drama
Batman Beyond: Return of the Joker,2000,3,Others,Animation
Saving Grace,2000,3,Others,Comedy
Fa yeung nin wa (In the Mood for Love),2000,3,Others,Drama
La comunidad,2000,3,Others,Comedy
Something Between Us,2000,3,Others,Comedy
"Little Mermaid 2: Return to the Sea, The",2000,3,Others,Animation
Baise-Moi,2000,3,Others,Crime
"Dish, The",2000,3,Others,Comedy
"Gleaners and I, The",2000,3,Others,Documentary
Blinkende lygter (&#39;Flickering Lights&#39;),2000,1,Others,Action
Gundam Wing: The Movie - Endless Waltz,2000,3,Others,Animation
Ring 0: Birthday (Ringu 0: B&acirc;sudei),2000,3,Others,Horror
Italian for Beginners,2000,3,Others,Comedy
Picture Claire,2000,3,Others,Thriller
Alvin and the Chipmunks Meet the Wolfman,2000,3,Others,Animation
Hellraiser: Inferno,2000,1,Others,Crime
Roozi ke zan shodam,2000,3,Others,Comedy
Spiral,2000,3,Others,Drama
Amores Perros,2000,1,Others,Drama
Spacked out,2000,1,Others,Crime
Mad About Mambo,2000,1,Others,Comedy
Tomie: Replay,2000,3,Others,Horror
Leprechaun in the Hood,2000,1,Others,Action
Blue&#39;s Big Musical Movie,2000,3,Others,Animation
Ju-on,2000,3,Others,Horror
Ju-on 2,2000,3,Others,Drama
Eeny Meeny,2000,3,Others,Comedy
La fidelite,2000,3,Others,Drama
Santa who?,2000,1,Others,Comedy
Sakuya: yokaiden,2000,3,Others,Family
Some Voices,2000,2,Others,Comedy
Juste une question d&#39;amour,2000,2,Others,Drama
Old School,2000,1,Others,Comedy
Yi Yi,2000,3,Others,Drama
Flowers for Algernon,2000,2,Others,Drama
"Playboy: No Boys Allowed, 100% Girls",2000,3,Others,Documentary
El zoo d&#39;en Pitus,2000,3,Others,Drama
Ritual,2000,1,Others,Drama
Slashers,2000,3,Others,Comedy
Lost and Delirious,2000,3,Others,Drama
Y tu mama tambien,2000,0,Others,Drama
Amelie,2000,3,Others,Comedy
"Piano Teacher, The",2000,3,Others,Drama
Mostly Martha,2000,3,Others,Comedy
Goyangileul butaghae (Take Care of My Cat),2000,3,Others,Drama
Millennium Actress,2000,2,Others,Animation
"Legend of Suriyothai, The",2000,3,Others,Action
Late Marriage,2000,2,Others,Comedy
"Hidden Half (Nimeh-ye penhan), The",2000,3,Others,Drama
La fille de Keltoum,2000,3,Others,Drama
He Died with a Felafel in His Hand,2000,3,Others,Comedy
Fat Girl,2000,3,Others,Drama
Baran,2000,0,Others,Drama
Me Without You,2000,3,Others,Drama
Brotherhood of the Wolf,2000,2,Others,Action
Shaolin Soccer,2000,0,Others,Action
Go,2000,2,Others,Drama
Suicide Club,2000,3,Others,Crime
Nowhere in Africa,2000,3,Others,Biography
Zaion: I Wish You Were Here,2000,3,Others,Animation
War Bride,2000,3,Others,Drama
Waiting For Godot,2000,0,Others,Drama
Lucky Girl (a.k.a. My Daughter&#39;s Secret Life),2000,3,Others,Drama
Read My Lips,2000,3,Others,Crime
Hundstage,2000,3,Others,Drama
Miss Minoes (a.k.a Undercover Kitty),2000,3,Others,Comedy
L&#39;uomo in pi&ugrave;,2000,1,Others,Comedy
Arite hime/Princess Arete,2000,3,Others,Animation
Samsara,2000,0,Others,Adventure
Le fate ignoranti,2000,3,Others,Drama
Tanguy,2000,1,Others,Comedy
Wied&#378;min (The Hexer),2000,3,Others,Adventure
"Belphegor, Phantom of the Louvre (Belphegor - Le fantome du Louvre)",2000,3,Others,Mystery
Caos,2000,3,Others,Comedy
Volcano High,2000,3,Others,Action
Kabhi Khushi Kabhie Gham...,2000,3,Others,Drama
Stranded,2000,3,Others,Drama
Chori Chori Chupke Chupke,2000,1,Others,Comedy
Tomie: Re-birth,2000,3,Others,Horror
"Yes, But...",2000,3,Others,Comedy
El Espinazo del Diablo,2000,1,Others,Drama
Kairo,2000,3,Others,Horror
"Navigators, The",2000,1,Others,Comedy
Dagon,2000,3,Others,Fantasy
God Is Great and I&#39;m Not,2000,1,Others,Comedy
Tremors 3: Back to Perfection,2000,3,Others,Action
Moszkva ter,2000,2,Others,Comedy
la ci&eacute;naga,2000,3,Others,Comedy
Barbie in the Nutcracker,2000,3,Others,Animation
Koroshiya 1,2000,1,Others,Action
"Land Before Time VIII: The Big Freeze, The",2000,3,Others,Animation
Jesus Christ Vampire Hunter,2000,1,Others,Action
La tour Montparnasse infernale,2000,3,Others,Comedy
Der Schuh des Manitu,2000,0,Others,Comedy
Animusic,2000,0,Others,Music
Trouble Every Day,2000,1,Others,Drama
Balto: Wolf Quest,2000,3,Others,Animation
Visitor Q,2000,1,Others,Comedy
Rabbit-Proof Fence,2000,3,Others,Adventure
Resident Evil,2000,3,Others,Action
8 femmes,2000,3,Others,Comedy
Whale Rider,2000,3,Others,Drama
Ying xiong (Hero),2000,3,Others,Action
Tan de repente,2000,3,Others,Comedy
Intimate Stories,2000,3,Others,Comedy
Neko no ongaeshi (The cat returns),2000,3,Others,Animation
Froid comme l&#39;&eacute;t&eacute; (Cold as Summer),2000,3,Others,Drama
Yossi &amp; Jagger,2000,2,Others,Drama
Tipping the Velvet,2000,3,Others,Drama
Barbie as Rapunzel,2000,0,Others,Animation
"Magdalene Sisters, The",2000,3,Others,Drama
"Twilight Samurai, The",2000,3,Others,Drama
24 Hour Party People,2000,1,Others,Biography
Marion Bridge,2000,3,Others,Drama
Wilbur Wants to Kill Himself,2000,3,Others,Comedy
"Coast Guard, The",2000,1,Others,Drama
All or Nothing,2000,3,Others,Drama
Low-Flying Aircraft,2000,3,Others,Drama
Sympathy for Mr. Vengeance,2000,3,Others,Crime
Irreversible,2000,1,Others,Crime
Cube2: Hypercube,2000,3,Others,Horror
Armitage: Dual Matrix,2000,1,Others,Animation
"Hunchback of  Notre Dame II, The",2000,1,Others,Animation
Lilya 4-Ever,2000,3,Others,Crime
Dark Water (Honogurai mizu no soko kara),2000,3,Others,Drama
demonlover,2000,3,Others,Drama
Ju-on: The Grudge,2000,3,Others,Horror
Dirty Pretty Things,2000,3,Others,Crime
Devdas,2000,3,Others,Drama
Dracula: Pages from a Virgin&#39;s Diary,2000,1,Others,Drama
Asterix &amp; Obelix: Mission Cleopatra (Ast&eacute;rix et Ob&eacute;lix: Mission Cl&eacute;op&acirc;tre),2000,3,Others,Adventure
El bonaerense,2000,1,Others,Crime
Infernal Affairs,2000,1,Others,Action
Big Girls Don&#39;t Cry,2000,3,Others,Drama
Tomie: Saishuu-sho - kindan no kajitsu,2000,3,Others,Horror
Embrassez qui vous voudrez,2000,3,Others,Comedy
Los lunes al sol,2000,1,Others,Comedy
Spider,2000,2,Others,Drama
Sweet Sixteen,2000,0,Others,Crime
Amen.,2000,1,Others,Biography
Valami Amerika,2000,1,Others,Adventure
A la folie... pas du tout,2000,3,Others,Romance
A mi madre le gustan las mujeres,2000,3,Others,Comedy
No Night Is Too Long,2000,1,Others,Crime
Dog Soldiers,2000,0,Others,Action
A hidember,2000,1,Others,Drama
Morvern Callar,2000,3,Others,Drama
Loenatik - De moevie,2000,3,Others,Comedy
Bungalow,2000,1,Others,Drama
Planet of the Erotic Ape,2000,3,Others,Comedy
Ali G Indahouse,2000,1,Others,Comedy
American Psycho II: All American Girl,2000,3,Others,Horror
In My Skin,2000,3,Others,Drama
Tokyo Godfathers,2000,3,Others,Animation
Les triplettes de Belleville,2000,3,Others,Animation
Swimming Pool,2000,3,Others,Crime
"Five Obstructions, The",2000,0,Others,Documentary
I Capture the Castle,2000,3,Others,Drama
"Blind Swordsman: Zatoichi, The",2000,2,Others,Action
Nothing,2000,0,Others,Comedy
Stara basn. Kiedy slonce bylo bogiem (An Ancient Tale: When the Sun was God),2000,2,Others,Adventure
"Best of Youth, The",2000,3,Others,Drama
Goodbye Lenin!,2000,3,Others,Comedy
Distant Lights (Lichter),2000,3,Others,Drama
A Tale of Two Sisters,2000,3,Others,Drama
Undead,2000,3,Others,Action
"Barbarian Invasions, The",2000,3,Others,Comedy
Dogville,2000,3,Others,Crime
2LDK,2000,3,Others,Comedy
Scary Godmother: Halloween Spooktakular,2000,3,Others,Animation
Voices of a Distant Star,2000,0,Others,Animation
Apr&egrave;s Vous,2000,3,Others,Comedy
Bon voyage,2000,3,Others,Comedy
Moi et mon blanc,2000,1,Others,Comedy
Oldboy,2000,1,Others,Action
Interstella 5555: The 5tory of the 5ecret 5tar 5ystem,2000,0,Others,Animation
"Mother, The",2000,3,Others,Drama
Ong-bak,2000,0,Others,Action
De gr&oslash;nne slagtere (&#39;Green Butchers&#39;),2000,1,Others,Comedy
"Forest for the Trees, The",2000,3,Others,Drama
"Spring, Summer, Fall, Winter... and Spring",2000,1,Others,Drama
"Heung joh chow heung yau chow (Turn Left, Turn Right)",2000,3,Others,Comedy
Stupeur et Tremblements,2000,3,Others,Comedy
Dies irae,2000,0,Others,Comedy
High Tension,2000,3,Others,Horror
Time of the Wolf,2000,2,Others,Drama
Bu san,2000,0,Others,Drama
Memories of Murder,2000,3,Others,Crime
Evil,2000,1,Others,Drama
Love Me If You Dare,2000,1,Others,Comedy
My Life Without Me,2000,3,Others,Drama
I&#39;m Not Scared,2000,3,Others,Crime
Kontroll,2000,0,Others,Comedy
Nathalie...,2000,3,Others,Drama
Barbie of Swan Lake,2000,3,Others,Animation
Owning Mahowny,2000,1,Others,Crime
Sylvia,2000,3,Others,Biography
Milchwald,2000,3,Others,Drama
Azumi,2000,0,Others,Action
Avenue Q,2000,2,Others,Documentary
Mais qui a tu&eacute; Pamela Rose?,2000,1,Others,Comedy
Warrior Queen,2000,3,Others,Action
Despiser,2000,2,Others,Fantasy
Kal Ho Naa Ho,2000,3,Others,Comedy
Ae Fond Kiss...,2000,2,Others,Drama
Mulan II,2000,3,Others,Animation
Bring It on Again,2000,3,Others,Comedy
Shimotsuma monogatari (Kamikaze Girls),2000,3,Others,Comedy
Banlieue 13,2000,0,Others,Action
Ghost Cat,2000,3,Others,Drama
Cube Zero,2000,3,Others,Drama
Ladies in Lavender,2000,3,Others,Drama
"Mickey, Donald, Goofy: The Three Musketeers",2000,2,Others,Animation
North and South,2000,3,Others,Drama
Innocence,2000,3,Others,Drama
Tropical Malady,2000,0,Others,Drama
Der Untergang (Downfall),2000,3,Others,Biography
Or,2000,3,Others,Drama
Terkel i knibe,2000,1,Others,Animation
My Summer of Love,2000,3,Others,Drama
Immortal (Ad Vitam),2000,3,Others,Drama
Hana and Alice,2000,3,Others,Comedy
Duck Season,2000,1,Others,Comedy
Three... Extremes,2000,3,Others,Horror
Head-On,2000,3,Others,Drama
With Blood on My Hands: Pusher II,2000,3,Others,Action
Notre musique,2000,1,Others,Drama
2046,2000,3,Others,Drama
3-Iron,2000,1,Others,Crime
"Spirit of Jeet Kune Do, The",2000,1,Others,Action
They Came Back,2000,3,Others,Drama
"Place Promised in Our Early Days, The",2000,1,Others,Animation
Tales From The Crapper,2000,3,Others,Comedy
Gladiatress,2000,3,Others,Adventure
Nochnoy dozor (Night Watch),2000,1,Others,Action
Ginger Snaps 2: Unleashed,2000,3,Others,Horror
He Was Cool (Geunomeun meoshiteotda),2000,3,Others,Comedy
Bratz the Video: Starrin&#39; &amp; Stylin&#39;,2000,3,Others,Animation
Caribe,2000,3,Others,Drama
Nemmeno il destino,2000,1,Others,Drama
House of Voices (Saint Ange),2000,3,Others,Drama
Creep,2000,3,Others,Horror
"Holy Girl, The",2000,3,Others,Drama
In Search of Santa,2000,3,Others,Family
Corpses,2000,3,Others,Comedy
Dear Frankie,2000,3,Others,Drama
Bionicle 2: Legends of Metru Nui,2000,0,Others,Animation
"Machinist, The",2000,1,Others,Drama
Shutter,2000,1,Others,Horror
Veer-Zaara,2000,3,Others,Drama
"Lion King 1 1/2, The",2000,1,Others,Animation
Barbie as the Princess and the Pauper,2000,3,Others,Animation
9 Songs,2000,0,Others,Drama
Naruto the Movie: Ninja Clash in the Land of Snow,2000,3,Others,Animation
"Sea Inside, The",2000,3,Others,Biography
Dead Man&#39;s Shoes,2000,1,Others,Crime
Blessed,2000,3,Others,Drama
Romasanta,2000,2,Others,Drama
Before the Fall,2000,1,Others,Drama
"Edukators, The",2000,3,Others,Drama
Magyar vandor,2000,0,Others,Adventure
Stop Mom Theresa!,2000,2,Others,Comedy
In my country,2000,3,Others,Drama
Hotel,2000,3,Others,Drama
MXP: Most Extreme Primate,2000,1,Others,Comedy
Marseille,2000,3,Others,Drama
G.O.R.A.,2000,2,Others,Adventure
Daniel the Wizard,2000,1,Others,Comedy
M. Kumaran S/O Mahalakshmi,2000,2,Others,Action
Tremors 4: The Legend Begins,2000,3,Others,Action
Dead Leaves,2000,3,Others,Animation
Swing Girls,2000,3,Others,Comedy
Balto III: Wings of Change,2000,3,Others,Animation
Wild Things: Diamonds in the Rough,2000,3,Others,Crime
Joyeux No&euml;l,2000,0,Others,Drama
"Descent, The",2000,3,Others,Adventure
Water,2000,3,Others,Drama
Chinjeolhan geumjassi,2000,3,Others,Crime
Into Great Silence,2000,0,Others,Documentary
Sophie Scholl - Die letzten Tage,2000,3,Others,Biography
Angel-A,2000,0,Others,Comedy
"Sun, The",2000,0,Others,Drama
A Bittersweet Life (Dalkomhan insaeng),2000,2,Others,Action
Nana,2000,3,Others,Drama
Sisters in Law,2000,3,Others,Documentary
Tristram Shandy: A Cock and Bull Story,2000,2,Others,Comedy
Fingersmith,2000,3,Others,Crime
Tideland,2000,3,Others,Drama
Dear Wendy,2000,1,Others,Comedy
L&#39;empire des loups,2000,3,Others,Action
Final Fantasy VII: Advent Children,2000,3,Others,Animation
Legion of the Dead,2000,3,Others,Horror
Barbie: Fairytopia,2000,3,Others,Animation
Single White Female 2: The Psycho,2000,3,Others,Drama
"Proposition, The",2000,1,Others,Crime
20 centimetros,2000,3,Others,Comedy
Paradise Now,2000,1,Others,Crime
Last Order: Final Fantasy VII,2000,0,Others,Animation
Le couperet,2000,3,Others,Comedy
Separate Lies,2000,1,Others,Crime
Gespenster,2000,3,Others,Drama
Adam&#39;s Apples,2000,0,Others,Comedy
Rings,2000,1,Others,Short
Tjenare kungen,2000,3,Others,Comedy
Boy Eats Girl,2000,2,Others,Comedy
Barbie and the Magic of Pegasus,2000,3,Others,Animation
"Aura, The",2000,1,Others,Crime
Star Wars: Revelations,2000,3,Others,Action
Turtles Are Surprisingly Fast Swimmers,2000,3,Others,Comedy
Gekijoban XXXHolic Manatsu no yoru no yume,2000,3,Others,Animation
Urban Legends: Bloody Mary,2000,3,Others,Horror
C.R.A.Z.Y.,2000,3,Others,Comedy
Fr&aacute;giles (Fragile),2000,3,Others,Horror
"Violin, The",2000,1,Others,Drama
Breakfast on Pluto,2000,3,Others,Comedy
Rinne,2000,3,Others,Horror
Die Hohle des gelben Hundes,2000,3,Others,Drama
Funky Forest: The First Contact,2000,3,Others,Comedy
Free Zone,2000,3,Others,Comedy
Rofuto,2000,3,Others,Horror
Wolf Creek,2000,3,Others,Horror
Linda Linda Linda,2000,3,Others,Comedy
13 Tzameti,2000,1,Others,Crime
Kronk&#39;s New Groove,2000,3,Others,Animation
Little Fish,2000,3,Others,Crime
Where the Truth Lies,2000,3,Others,Crime
All the Invisible Children,2000,3,Others,Drama
Just Sex and Nothing Else,2000,2,Others,Comedy
Tickets,2000,0,Others,Comedy
La moustache,2000,2,Others,Drama
Azumi 2: Death or Love,2000,3,Others,Action
Chandramukhi,2000,2,Others,Action
Blue Is the Warmest Color,2010,3,Others,Drama
Exit Marrakech,2010,2,Others,Adventure
Sunshine on Leith,2010,3,Others,Comedy
Witching and Bitching,2010,3,Others,Action
Beltracchi: The Art of Forgery,2010,1,Others,Documentary
Camille Claudel 1915,2010,3,Others,Biography
Perfect Mothers,2010,3,Others,Drama
Jeune &amp; jolie,2010,3,Others,Drama
Night Train to Lisbon,2010,1,Others,Mystery
Gam-si-ja-deul,2010,3,Others,Action
Les Reines du Ring (English: Wrestling Queens),2010,3,Others,Comedy
"Day of the Doctor, The",2010,3,Others,Adventure
Hansel &amp; Gretel,2010,3,Others,Horror
Crystal Fairy &amp; the Magical Cactus and 2012,2010,3,Others,Adventure
How I Live Now,2010,3,Others,Action
Puella Magi Madoka Magica the Movie Part III: The Rebellion Story,2010,3,Others,Animation
For Elisa,2010,3,Others,Thriller
Only Lovers Left Alive,2010,3,Others,Comedy
"Physician, The",2010,1,Others,Adventure
Devil&#39;s Pass,2010,3,Others,Horror
Suzanne,2010,3,Others,Drama
"Les garcons et Guillaume, a table!",2010,1,Others,Comedy
Mandela: Long Walk to Freedom,2010,1,Others,Biography
Madoka Magica: Rebellion Story,2010,3,Others,Animation
Orphan Black,2010,3,Others,Drama
"Railway Man, The",2010,0,Others,Biography
Still Life,2010,1,Others,Drama
Karlek deluxe,2010,3,Others,Comedy
Hannas Reise,2010,3,Others,Comedy
Le Pass&eacute;,2010,3,Others,Drama
Kyss meg for faen i helvete,2010,3,Others,Comedy
L&#39;amour est un crime parfait,2010,2,Others,Crime
Nymphomaniac: Volume 2,2010,3,Others,Drama
Gloria,2010,3,Others,Comedy
Haunter,2010,3,Others,Fantasy
Meine Schwestern,2010,3,Others,Drama
"Soshite chichi ni naru (Like Father, Like Son)",2010,3,Others,Drama
Last Passenger,2010,3,Others,Action
Viva la liberta,2010,1,Others,Comedy
Zipi y Zape y el club de la canica,2010,0,Others,Adventure
Fack ju Gohte,2010,3,Others,Comedy
Vivir es facil con los ojos cerrados,2010,0,Others,Comedy
Dragon Ball Z: Battle of Gods,2010,3,Others,Animation
Snowpiercer,2010,3,Others,Action
Dark Touch,2010,3,Others,Horror
Ida,2010,3,Others,Drama
Ang&eacute;lique,2010,3,Others,Adventure
Nashorn im Galopp,2010,0,Others,Animation
Elle s&#39;en va,2010,3,Others,Comedy
La Venus a la fourrure,2010,0,Others,Drama
Trap for Cinderella,2010,3,Others,Crime
Finding Mr. Right,2010,1,Others,Comedy
Xi you xiang mo pian (Journey to the West),2010,2,Others,Action
Kaze tachinu,2010,3,Others,Animation
"Grand Seduction, The",2010,1,Others,Comedy
"Young and Prodigious T.S. Spivet, The",2010,3,Others,Adventure
Yip Man: Jung gik yat jin,2010,3,Others,Action
Tracks,2010,3,Others,Adventure
Patema Inverted,2010,0,Others,Animation
Once Upon a Time in Vietnam,2010,0,Others,Action
Gabrielle,2010,3,Others,Drama
"German Doctor, The",2010,3,Others,Drama
Svecenikova djeca,2010,1,Others,Comedy
Sadako 3D 2,2010,3,Others,Horror
300 Worte Deutsch,2010,3,Others,Comedy
In Fear,2010,0,Others,Horror
"Machine, The",2010,3,Others,Action
Kill for Me,2010,3,Others,Drama
52 Tuesdays,2010,3,Others,Drama
Bends,2010,3,Others,Drama
Another Me,2010,3,Others,Mystery
Barbie &amp; Her Sisters in a Pony Tale,2010,3,Others,Animation
"Tale of The Princess Kaguya, The",2010,3,Others,Animation
Future Shift,2010,3,Others,Action
Down River,2010,3,Others,Drama
rastres de s&aacute;ndal,2010,3,Others,Drama
"Vivian Maier Mystery, The",2010,3,Others,Documentary
What If,2010,3,Others,Comedy
"Devil&#39;s Violinist, The",2010,3,Others,Biography
Hross i oss,2010,3,Others,Comedy
"Returned, The",2010,3,Others,Crime
Bicycling with Moli&egrave;re,2010,2,Others,Comedy
Young Detective Dee: Rise of the Sea Dragon,2010,2,Others,Action
Le week-end,2010,1,Others,Comedy
Wetlands,2010,3,Others,Comedy
"Zoran, il mio nipote scemo",2010,0,Others,Comedy
Jack and the Cuckoo-Clock Heart,2010,3,Others,Animation
La grande bellezza,2010,3,Others,Drama
Frequencies,2010,3,Others,Mystery
Is the Man Who Is Tall Happy?,2010,0,Others,Documentary
"Dirties, The",2010,3,Others,Crime
La jaula de oro,2010,0,Others,Drama
Stalingrad,2010,1,Others,Action
Enemy,2010,1,Others,Drama
"Selfish Giant, The",2010,1,Others,Drama
3096 Tage,2010,3,Others,Biography
138 segons. L&#39;enigma Girones,2010,1,Others,Documentary
Uitgesproken,2010,1,Others,Short
Wastelands,2010,0,Others,Short
Bayonetta: Bloody Fate,2010,3,Others,Animation
Justice League: The Flashpoint Paradox,2010,2,Others,Animation
Gekijouban Steins;Gate: Fuka ryouiki no dejavu,2010,3,Others,Animation
My mad fat diary,2010,3,Others,Comedy
Tangerines,2010,0,Others,Drama
Vikings,2010,3,Others,Action
"Best Offer, The",2010,1,Others,Crime
Alan Partridge: Alpha Papa,2010,3,Others,Action
"Time in Between, The",2010,1,Others,Adventure
She Made Them Do It,2010,1,Others,Crime
White Lies,2010,3,Others,Drama
Yeh Jawaani Hai Deewani,2010,3,Others,Comedy
Lucia,2010,3,Others,Drama
Persona 3 the Movie: #1 Spring of Birth,2010,3,Others,Animation
Gekijouban Hakuouki: Daiisshou Kyouto ranbu,2010,0,Others,Animation
"Double, The",2010,1,Others,Comedy
Hammer of the Gods,2010,1,Others,Action
Stranger by the Lake,2010,0,Others,Drama
Switch,2010,2,Others,Action
"Harry Hill Movie, The",2010,3,Others,Adventure
Belle,2020,3,Others,Animation
&#39;71,2010,0,Others,Action
Barbie: The Pearl Princess,2010,3,Others,Animation
"Adventurer: The Curse of the Midas Box, The",2010,1,Others,Adventure
"Pa Boys, The",2010,2,Others,Drama
Flowers in the Attic,2010,3,Others,Drama
Queen,2010,3,Others,Comedy
Alles Inklusive,2010,3,Others,Comedy
A Long Way Down,2010,3,Others,Comedy
La cr&egrave;me de la cr&egrave;me,2010,3,Others,Comedy
Yves Saint Laurent,2010,2,Others,Biography
Hard Corner: Le Film,2010,1,Others,Comedy
"Pirate Fairy, The",2010,3,Others,Animation
Nosferatu In Love,2010,0,Others,Drama
A coup sur,2010,2,Others,Comedy
Une nouvelle amie,2010,2,Others,Comedy
Asian School Girls,2010,3,Others,Action
Ek Villain,2010,2,Others,Action
Wir sind die Neuen,2010,3,Others,Comedy
Calvary,2010,2,Others,Crime
Wicked Blood,2010,3,Others,Action
Lucy,2010,3,Others,Action
Alpha House,2010,2,Others,Comedy
Jimmy&#39;s Hall,2010,1,Others,Biography
Qu&#39;est-ce qu&#39;on a fait au Bon Dieu?,2010,3,Others,Comedy
Life Of Riley,2010,2,Others,Comedy
"Quiet Roar, The",2010,3,Others,Drama
Frank,2010,1,Others,Comedy
Housebound,2010,3,Others,Comedy
Saint Seiya: Legend of Sanctuary,2010,2,Others,Animation
God Help the Girl,2010,3,Others,Drama
Lugen,2010,3,Others,Comedy
"Riot Club, The",2010,1,Others,Drama
Avis de mistral,2010,3,Others,Comedy
Ein Geschenk der Gotter,2010,3,Others,Comedy
"Inbetweeners 2, The",2010,1,Others,Comedy
Le Paradis,2010,0,Others,N/A
Mostly Ghostly: Have You Met My Ghoulfriend?,2010,3,Others,Family
Who Am I - Kein System ist sicher,2010,2,Others,Crime
"Rico, Oskar und die Tieferschatten",2010,1,Others,Adventure
Mange tes morts,2010,0,Others,Drama
"Salvation, The",2010,1,Others,Action
Automata,2010,1,Others,Action
Der Kleine Medicus - Geheimnisvolle Mission im Korper,2010,3,Others,Animation
Kraftidioten,2010,1,Others,Action
Unutursam F&#305;s&#305;lda,2010,2,Others,Drama
Clouds of Sils Maria,2010,3,Others,Drama
Turist,2010,3,Others,N/A
Phoenix,2010,3,Others,Drama
About a Girl,2010,3,Others,Comedy
En duva satt p&aring; en gren och funderade p&aring; tillvaron,2010,1,Others,Comedy
Leviathan,2010,3,Others,Crime
Paddington,2010,3,Others,Adventure
Mommy,2010,3,Others,Drama
"Babadook, The",2010,3,Others,Drama
Appropriate Behavior,2010,3,Others,Comedy
Agatha Raisin: The Quiche of Death,2010,3,Others,Comedy
Zero Motivation,2010,3,Others,Comedy
"Two Days, One NIght",2010,3,Others,Drama
Ei Kiitos,2010,2,Others,Comedy
Magical Girl,2010,3,Others,Drama
Girlhood,2010,3,Others,Drama
El Ni&ntilde;o,2010,1,Others,Action
My Father Must Die,2010,3,Others,Crime
Dyke Hard,2010,3,Others,Action
Song of the Sea,2010,3,Others,Animation
"Love, Rosie",2010,3,Others,Comedy
Near Death Experience,2010,0,Others,Comedy
Feher isten,2010,3,Others,Adventure
Cuban Fury,2010,1,Others,Comedy
Pane e burlesque,2010,3,Others,Comedy
Relatos salvajes,2010,3,Others,Comedy
Gueros,2010,2,Others,Comedy
Thegidi,2010,2,Others,Crime
Ocho apellidos vascos,2010,1,Others,Comedy
Omoide no Mani (When Marnie Was There),2010,3,Others,Animation
Escobar: Paradise Lost,2010,2,Others,Crime
Batman: Assault on Arkham,2010,3,Others,Animation
"Woman in Black 2: Angel of Death, The",2010,3,Others,Drama
La isla minima,2010,2,Others,Crime
A Brilliant Young Mind,2010,1,Others,Drama
Tinker Bell and the Legend of the NeverBeast,2010,3,Others,Animation
"Ich seh, Ich seh",2010,0,Others,Horror
Effie Gray,2010,3,Others,Biography
Dohee-ya,2010,3,Others,Drama
"Falling, The",2010,3,Others,Drama
Paper Planes,2010,1,Others,Drama
Tu Dors Nicole,2010,3,Others,Comedy
Wyrmwood: Road of the Dead,2010,3,Others,Action
Let Us Prey,2010,3,Others,Horror
In the Courtyard,2010,3,Others,Comedy
Hungry Hearts,2010,2,Others,Drama
Court,2010,1,Others,Drama
Amour fou,2010,2,Others,Comedy
Golden Era,2010,2,Others,Biography
"Quiet Hour, The",2010,3,Others,Drama
How to Steal a Dog / Gae-leul hoom-chi-neun wan-byeok-han bang-beob,2010,3,Others,Crime
Ju-on: Owari no hajimari,2010,3,Others,Horror
Still the Water,2010,3,Others,Drama
Electricity,2010,3,Others,Drama
Der kleine Drache Kokosnuss,2010,0,Others,Animation
Primero De Enero,2010,3,Others,Drama
Aloft,2010,3,Others,Drama
Sadilishteto,2010,1,Others,Drama
Jongens,2010,1,Others,Drama
Verden venter,2010,3,Others,Comedy
Respire,2010,3,Others,Drama
Margarita with a Straw,2010,3,Others,Crime
Nar dyrene drommer,2010,1,Others,Drama
Justice League: WAR,2010,3,Others,Animation
I Call It Love,2010,0,Others,Short
La belle et la bete,2010,3,Others,Drama
Perfect Sisters,2010,3,Others,Crime
Haider,2010,2,Others,Action
Sora no Otoshimono Final: Eternal My Master,2010,1,Others,Animation
Jacky in the kingdom of women,2010,3,Others,Comedy
"Last: Naruto the Movie, The",2010,2,Others,Animation
Conducta,2010,3,Others,Drama
What We Did on Our Holiday,2010,3,Others,Comedy
Viharsarok,2010,1,Others,Drama
Der Kreis,2010,1,Others,Biography
Dolares de arena (Sand Dollars),2010,3,Others,Drama
Extirpador de Idolatrias,2010,3,Others,Drama
Highway,2010,0,Others,Crime
Happy Valley,2010,1,Others,Crime
"Tempest, The",2010,3,Others,Comedy
Gekijouban Hakuouki: Dainishou shikon soukyou,2010,0,Others,Animation
PK,2010,2,Others,Comedy
Moomins on the Riviera,2010,3,Others,Animation
JLA Adventures: Trapped in Time,2010,3,Others,Animation
Robot Overlords,2010,1,Others,Action
Dark Dungeons,2010,3,Others,Short
"El patr&oacute;n, radiograf&iacute;a de un crimen",2010,1,Others,Crime
How old are you?,2010,3,Others,Drama
Frau Muller muss weg,2010,3,Others,Comedy
"Summer of Sangaile, The",2010,3,Others,Drama
"Duke of Burgundy, The",2010,3,Others,Drama
Bad Hair Day,2010,3,Others,Adventure
Tod den Hippies!! Es lebe der Punk!,2010,1,Others,Comedy
La Passion d&#39;Augustine,2010,3,Others,Drama
"Liza, the fox fairy",2010,3,Others,Comedy
Ghosthunters,2010,3,Others,Animation
Suffragette,2010,3,Others,Drama
L&#39;antiquaire,2010,3,Others,Drama
Dora oder Die sexuellen Neurosen unserer Eltern,2010,3,Others,Drama
Hedi Schneider steckt fest,2010,3,Others,Comedy
Kung Fury,2010,2,Others,Short
La loi du march&eacute;,2010,1,Others,Drama
Predator Dark Ages,2010,0,Others,Short
Battledream Chronicle,2010,3,Others,Animation
"Un peu, beaucoup, aveuglement!",2010,3,Others,Comedy
Maend &amp; hons,2010,1,Others,Comedy
Shaun the Sheep Movie,2010,0,Others,Animation
"Reason I Shop Online, The",2010,3,Others,Short
Titli,2010,0,Others,Action
"Four Warriors, The",2010,1,Others,Adventure
Justice League: Throne of Atlantis,2010,3,Others,Animation
Victoria,2010,0,Others,Crime
Mustang,2010,3,Others,Drama
Slow West,2010,0,Others,Action
Next Stop L.A.,2010,3,Others,Short
Timelike,2010,3,Others,Short
Il racconto dei racconti,2010,3,Others,Drama
Batman Unlimited: Animal Instincts,2010,1,Others,Animation
Until Dawn,2010,3,Others,Fantasy
Just Jim,2010,1,Others,Comedy
AfterDeath,2010,3,Others,Horror
Schneider vs. Bax,2010,2,Others,Comedy
Wo shi zheng ren,2010,0,Others,Action
"Dressmaker, The",2010,3,Others,Comedy
Angry Indian Goddesses,2010,3,Others,Comedy
Stitcher,2010,0,Others,Short
Macbeth,2010,1,Others,Drama
Man Up,2010,3,Others,Comedy
After the Ball,2010,3,Others,Comedy
Bill,2010,2,Others,Comedy
"Transporter Refueled, The",2010,3,Others,Action
Comment c&#39;est loin,2010,1,Others,Comedy
Anna Unbound,2010,3,Others,Drama
Miss You Already,2010,3,Others,Comedy
Youth,2010,1,Others,Comedy
L&#39;attesa,2010,3,Others,Drama
Temp&ecirc;te,2010,1,Others,Drama
Comoara,2010,1,Others,Comedy
Little Big Master,2010,3,Others,Biography
Min lilla syster,2010,3,Others,Drama
Marguerite,2010,3,Others,Comedy
Office,2010,3,Others,Comedy
Throne,2010,3,Others,Drama
7 Letters,2010,3,Others,Drama
Les ogres,2010,3,Others,Drama
Tiger House,2010,3,Others,Action
"Case of Hana and Alice, The",2010,3,Others,Animation
Baahubali: The Beginning,2010,1,Others,Action
Riaru onigokko,2010,3,Others,Action
Je suis un soldat,2010,3,Others,Drama
A Perfect Day,2010,2,Others,Comedy
Sunset Song,2010,3,Others,Drama
"Wave (B&oslash;lgen), The",2010,3,Others,Action
They Call Me Jeeg Robot,2010,1,Others,Action
Halal Love,2010,3,Others,Comedy
Our Little Sister,2010,3,Others,Drama
Battle For Sevastopol,2010,3,Others,Action
45 Years,2010,3,Others,Drama
La belle saison,2010,3,Others,Drama
Into the Forest,2010,3,Others,Drama
Hrutar,2010,1,Others,Drama
La memoria del agua,2010,2,Others,Drama
A Royal Night Out,2010,3,Others,Comedy
Avril et le monde truque,2010,3,Others,Animation
brothers of the wind,2010,0,Others,Adventure
Tjuvheder,2010,3,Others,Crime
Roald Dahl&#39;s Esio Trot,2010,1,Others,Comedy
Evolution,2010,0,Others,Drama
"Girl King, The",2010,3,Others,Biography
Dragon Ball Z: Resurrection &#39;F&#39;,2010,1,Others,Animation
Nil Battey Sannata,2010,3,Others,Drama
Sweet Bean,2010,3,Others,Drama
"Milyy Khans, dorogoy Pyotr",2010,1,Others,Drama
Psychosis,2010,3,Others,N/A
London Spy,2010,1,Others,Crime
Birigyaru,2010,3,Others,Comedy
"Steps, The",2010,3,Others,Comedy
Dofus - Livre 1: Julith,2010,3,Others,Animation
Girls Lost,2010,3,Others,Crime
You&#39;re My Boss,2010,0,Others,Comedy
Harter Brocken,2010,3,Others,Crime
Burn Burn Burn,2010,3,Others,Comedy
Maryland,2010,0,Others,Drama
Love Live! The School Idol Movie,2010,3,Others,Animation
High Rise,2010,2,Others,Drama
Shisha no teikoku (Empire of Corpses),2010,1,Others,Animation
Portrait of a Serial Monogamist,2010,3,Others,Comedy
Absolutely Anything,2010,3,Others,Comedy
Bajirao Mastani,2010,2,Others,Action
Highway to Hellas,2010,1,Others,Comedy
My Name Is Emily,2010,3,Others,Drama
O Desolado,2010,3,Others,Drama
A German Youth,2010,0,Others,Documentary
Montanha,2010,1,Others,Drama
John From,2010,3,Others,Drama
Samurai Warrior Queens,2010,3,Others,History
Ip Man 3,2010,1,Others,Action
Sword of Vengeance,2010,0,Others,Action
"assassin, The",2010,2,Others,Action
Cuddler,2010,3,Others,Short
Cafard,2010,2,Others,Animation
Girls und Panzer: Der Film,2010,3,Others,Animation
Barney Thomson,2010,3,Others,Comedy
Bang Gang,2010,3,Others,Drama
Les innocentes,2010,3,Others,Drama
Belgica,2010,1,Others,Drama
Justice League vs. Teen Titans,2010,3,Others,Animation
Love &amp; Friendship,2010,3,Others,Comedy
Un homme a la hauteur,2010,3,Others,Comedy
Busanhaeng,2010,3,Others,Action
Kill Command,2010,1,Others,Action
Die letzte Sau,2010,1,Others,Comedy
Raising the Bar,2010,3,Others,Drama
El Olivo,2010,3,Others,Comedy
La pazza gioia,2010,3,Others,Comedy
Shin Godzilla,2010,1,Others,Action
King Dave,2010,1,Others,Drama
"Handmaiden (Ah-ga-ssi) , The",2010,3,Others,Drama
Gr&uuml;&szlig;e aus Fukushima (Greetings from Fukushima),2010,3,Others,Drama
"I, Daniel Blake",2010,3,Others,Drama
Divines,2010,3,Others,Crime
Elle,2010,3,Others,Crime
Ballerina,2020,1,Others,Action
Birkebeinerne,2010,1,Others,Action
Let Me Go,2010,3,Others,Drama
Kimi no na wa.,2010,3,Others,Animation
Doukyuusei,2010,0,Others,Animation
Dernieres nouvelles du cosmos,2010,3,Others,Documentary
Hunt for the Wilderpeople,2010,3,Others,Adventure
Demain tout commence,2010,3,Others,Comedy
Contratiempo,2010,1,Others,Crime
Resident Evil: The Final Chapter,2010,3,Others,Action
Florence Foster Jenkins,2010,3,Others,Biography
It&#39;s Only the End of the World,2010,3,Others,Drama
Toni Erdmann,2010,3,Others,Comedy
Personal Shopper,2010,3,Others,Mystery
Under The Shadow,2010,3,Others,Drama
Things to come - L&#39;avenir,2010,1,Others,Drama
Bar Bahar,2010,3,Others,Drama
"Young Offenders, The",2010,3,Others,Adventure
Below Her Mouth,2010,3,Others,Drama
Free Fire,2010,0,Others,Action
Raw,2010,3,Others,Drama
"Girl with All the Gifts, The",2010,3,Others,Action
War on Everyone,2010,3,Others,Action
"9th Life of Louis Drax, The",2010,1,Others,Drama
L&#39;et&agrave; d&#39;oro,2010,1,Others,Drama
I Am the Pretty Thing That Lives in the House,2010,3,Others,Drama
Spidarlings,2010,3,Others,Comedy
"Dragon Spell, The",2010,1,Others,Animation
Varoonegi,2010,3,Others,Drama
"Untamed, The",2010,3,Others,Drama
Don&#39;t Hang Up,2010,0,Others,Horror
Their Finest,2010,3,Others,Comedy
My Life as a Zucchini,2010,3,Others,Animation
Petersburg: a selfie,2010,3,Others,Comedy
Prevenge,2010,3,Others,Comedy
Patients,2010,1,Others,Comedy
"Siege of Jadotville, The",2010,1,Others,Action
Aruvi,2010,3,Others,Drama
Hated in the Nation,2010,3,Others,Crime
"Autopsy of Jane Doe, The",2010,1,Others,Horror
Ice Fantasy,2010,3,Others,Adventure
A Dark Song,2010,0,Others,Drama
Hounds of Love,2010,3,Others,Crime
Ne gledaj mi u pijat,2010,1,Others,Drama
House on Willow Street,2010,3,Others,Action
Little Door Gods,2010,3,Others,Animation
R&eacute;parer les vivants,2010,1,Others,Drama
Pink,2010,3,Others,Crime
Planetarium,2010,3,Others,Drama
Fai bei sogni,2010,2,Others,Drama
Rustom,2010,3,Others,Crime
Nowhere Boys: The Book of Shadows,2010,3,Others,Drama
Locos de Amor,2010,2,Others,Comedy
Maudie,2010,3,Others,Biography
Tenemos la carne [We Are the Flesh],2010,0,Others,Drama
Tschick,2010,1,Others,Comedy
Thomas &amp; Friends: The Great Race,2010,3,Others,Animation
Koe no katachi,2010,1,Others,Animation
Bliss!,2010,3,Others,Adventure
Raman Raghav 2.0,2010,2,Others,Crime
Quand on a 17 ans,2010,3,Others,Drama
Friend Request,2010,3,Others,Horror
Seoulyeok [Seoul Station],2010,0,Others,Animation
Vier gegen die Bank,2010,1,Others,Comedy
Adult Life Skills,2010,3,Others,Comedy
Ma revolution,2010,3,Others,Drama
Handsome Devil,2010,1,Others,Comedy
S&atilde;o Jorge,2010,1,Others,Crime
Big Fish &amp; Begonia,2010,3,Others,Animation
Yu-Gi-Oh!: The Dark Side of Dimensions,2010,1,Others,Animation
Gantz: O,2010,1,Others,Animation
Vse o muzhchinakh,2010,1,Others,Comedy
Miss Saigon: 25th Anniversary,2010,2,Others,Drama
Realive,2010,1,Others,Drama
Sluga naroda 2,2010,1,Others,Comedy
Batman: Bad Blood,2010,3,Others,Animation
R&uuml;zgarda Sal&amp;#305;nan Nil&uuml;fer,2010,3,Others,Drama
Offline,2010,3,Others,Comedy
A Date for Mad Mary,2010,3,Others,Comedy
Case Closed: The Darkest Nightmare,2010,3,Others,Animation
Antiporno,2010,3,Others,Drama
Angry Inuk,2010,3,Others,Documentary
I Am Not Madame Bovary,2010,1,Others,Comedy
Death Race 2050,2010,3,Others,Action
Innan vi dor,2010,3,Others,Drama
Dance Academy: The Movie,2010,3,Others,Drama
Monster High: Electrified,2010,3,Others,Animation
Plasmatic Day,2010,1,Others,Short
"Book of Birdie, The",2010,3,Others,Fantasy
"Square, The",2010,1,Others,Comedy
On Body and Soul,2010,3,Others,Drama
Revenge,2010,0,Others,Action
Felicite,2010,3,Others,Drama
seven sisters,2010,3,Others,Drama
Un beau soleil interieur,2010,2,Others,Comedy
Pilgrimage,2010,0,Others,Action
Seagull,2010,3,Others,Short
OM+ME,2010,3,Others,Short
Dim the Fluorescents,2010,3,Others,Comedy
6 days,2010,0,Others,Action
Batman vs. Two-Face,2010,3,Others,Animation
Nogemu noraifu: Zero,2010,3,Others,Animation
Ver&oacute;nica,2010,3,Others,Horror
Sweet Virginia,2010,3,Others,Action
Mary and The Witch&#39;s Flower,2010,3,Others,Animation
A man of integrity,2010,3,Others,Drama
Paddington 2,2010,3,Others,Adventure
Berlin Syndrome,2010,1,Others,Drama
Wolf Warrior 2,2010,1,Others,Action
La llamada,2010,3,Others,Musical
Tuntematon sotilas,2010,3,Others,Drama
I Can Speak,2010,3,Others,Comedy
Singwa hamgge,2010,1,Others,Action
Thelma,2010,3,Others,Drama
Ava,2010,3,Others,Drama
You Were Never Really Here,2010,1,Others,Crime
"Ritual, The",2010,0,Others,Horror
Petit paysan,2010,1,Others,Crime
Canaries,2010,3,Others,Comedy
"Escape, The",2010,3,Others,Drama
Djam,2010,3,Others,Adventure
God&#39;s Own Country,2010,0,Others,Drama
A Man Wanted (Hatooly Ragel),2010,2,Others,Comedy
Borg vs McEnroe,2010,1,Others,Biography
MFKZ,2010,0,Others,Animation
Apostasy,2010,3,Others,Drama
Maximilian,2010,2,Others,Drama
Karera ga honki de amu toki wa (Close Knit),2010,3,Others,Drama
Embrasse-moi!,2010,3,Others,Comedy
Godard Mon Amour,2010,1,Others,Biography
Ghost Stories,2010,1,Others,Drama
Secret Superstar,2010,3,Others,Drama
El libro de Lila,2010,3,Others,Animation
Gekijoban Fairy Tail: Dragon Cry,2010,3,Others,Animation
Jusqu&#39;a la garde (Custody),2010,3,Others,Drama
Posoki (Directions),2010,1,Others,Drama
"Bride, The",2010,3,Others,Drama
Shelter,2010,3,Others,Drama
Goon: Last of the Enforcers,2010,2,Others,Comedy
Cold Skin,2010,0,Others,Action
Il demone di Laplace,2010,0,Others,Horror
Tigers Are Not Afraid,2010,0,Others,Fantasy
OtherLife,2010,1,Others,Crime
Back to Burgundy (Ce que nous lie),2010,2,Others,Comedy
Bon Cop Bad Cop 2,2010,1,Others,Action
Euphoria,2010,3,Others,Adventure
"Midwife, The",2010,3,Others,Drama
Anna and the Apocalypse,2010,3,Others,Comedy
Western,2010,1,Others,Drama
Lean on Pete,2010,1,Others,Adventure
"Cured, The",2010,3,Others,Drama
"Beyond, The",2010,3,Others,Drama
Barbie Video Game Hero,2010,3,Others,Animation
"Bar, The",2010,3,Others,Thriller
Open Water 3: Cage Dive,2010,0,Others,Adventure
"Bold, the Corrupt, and the Beautiful, The",2010,3,Others,Drama
Tokyo Ghoul,2010,3,Others,Animation
Love per square foot,2010,3,Others,Comedy
En guerre,2010,1,Others,Drama
Au poste!,2010,0,Others,Comedy
Kaala,2010,3,Others,Action
Woman at War,2010,3,Others,Adventure
Le monde est a toi,2010,2,Others,Comedy
Patient Zero,2010,1,Others,Action
Carmen y Lola,2010,3,Others,Drama
Burning,2010,0,Others,Drama
Sheherazade,2010,3,Others,Drama
"Wild Pear Tree, The",2010,2,Others,Drama
My hero academia: Two heroes,2010,3,Others,Animation
Red Joan,2010,3,Others,Biography
An Elephant Sitting Still (Da xiang xi di er zuo),2010,0,Others,Crime
En liberte!,2010,2,Others,Comedy
Jefe,2010,2,Others,Comedy
Bella Ciao!,2010,3,Others,Drama
Cold War,2010,3,Others,Drama
Rafiki,2010,3,Others,Drama
L&#39;animale,2010,3,Others,Drama
Shoplifters,2010,3,Others,Crime
Andid edlilega (And Breathe Normally),2010,3,Others,Drama
Dead in a Week: Or Your Money Back,2010,1,Others,Comedy
La chute de l&#39;empire americain,2010,1,Others,Comedy
Quien te cantara,2010,3,Others,Drama
"Death and Life of John F. Donovan, The",2010,2,Others,Drama
They Shall Not Grow Old,2010,0,Others,Documentary
Say My Name,2010,3,Others,Comedy
Andhadhun,2010,2,Others,Crime
Raazi,2010,3,Others,Action
It&#39;s a Beautiful Day,2010,0,Others,Short
Genese,2010,0,Others,Drama
Float Like A Butterfly,2010,3,Others,Drama
Black 47,2010,1,Others,Action
McQueen,2010,0,Others,Documentary
In Fabric,2010,3,Others,Comedy
Les invisibles,2010,3,Others,Comedy
Simmba,2010,1,Others,Action
La camarista,2010,3,Others,Drama
Agapornis,2010,3,Others,Short
Senses 1&amp;2,2010,3,Others,N/A
Ted - For karlekens skull,2010,0,Others,Biography
Hjartat,2010,3,Others,Drama
Innan vintern kommer,2010,0,Others,Drama
"Cake General, The",2010,3,Others,Comedy
Amatorer,2010,3,Others,Comedy
Toppen av ingenting,2010,0,Others,Drama
La tribu,2010,3,Others,Comedy
I am Not an Easy Man / Je ne suis pas un homme facile,2010,3,Others,Comedy
Rampant,2010,1,Others,Action
Climax,2010,3,Others,Drama
Gekijo-ban Non Non Biyori: Vacation,2010,3,Others,Animation
Possum,2010,0,Others,Drama
"House That Jack Built, The",2010,1,Others,Crime
Level 16,2010,3,Others,Drama
In Safe Hands,2010,1,Others,Drama
Tell It to the Bees,2010,3,Others,Drama
K.G.F: Chapter 1,2010,1,Others,Action
Deep Blue Sea 2,2010,1,Others,Action
Master Z: The Ip Man Legacy,2010,3,Others,Action
"Breaker Upperers, The",2010,3,Others,Comedy
"Fortnite: Battle, Build, Survive!",2010,3,Others,Documentary
Bearkittens,2010,3,Others,Comedy
Undertow,2010,3,Others,Drama
"Boat, The",2010,0,Others,Mystery
What Keeps You Alive,2010,3,Others,Horror
Mirage,2010,3,Others,Drama
Ast&eacute;rix: Le secret de la potion magique (Asterix: The Secret of the Magic Potion),2010,2,Others,Animation
I Want to Eat Your Pancreas,2010,3,Others,Animation
"Death of Superman, The",2010,3,Others,Animation
Death Toilet,2010,0,Others,Horror
"Tower, The",2010,3,Others,Animation
Fauve,2010,0,Others,Short
Agatha and the Truth of Murder,2010,3,Others,Crime
How to be really bad,2010,3,Others,Comedy
Koode,2010,1,Others,Drama
Journeyman,2010,1,Others,Drama
Miss Back,2010,1,Others,Crime
Pihu,2010,0,Others,Drama
Mirai,2010,0,Others,Animation
Border,2010,3,Others,Crime
We Are Little Zombies,2010,2,Others,Comedy
Soni,2010,3,Others,Crime
"Wandering Earth (Liu Lang Di Qiu), The",2010,3,Others,Action
Le chant du loup,2010,0,Others,Action
Gully Boy,2010,1,Others,Drama
I Am Mother,2010,3,Others,Drama
Gisaengchung,2010,3,Others,Drama
Article 15,2010,1,Others,Crime
Pause,2010,2,Others,Drama
Animals,2010,3,Others,Comedy
Pentagram,2010,1,Others,Horror
Portrait of a Lady on Fire,2010,3,Others,Drama
Les Miserables,2010,0,Others,Crime
Tekst,2010,1,Others,Drama
Good Boys,2010,3,Others,N/A
Sorry We Missed You,2010,3,Others,Drama
Little Joe,2010,3,Others,Drama
Anya,2010,3,Others,Drama
Cosmos,2010,0,Others,Adventure
Jeanne,2010,3,Others,Drama
"Shiny Shrimps, The",2010,0,Others,Comedy
Une fille facile,2010,3,Others,Comedy
Weathering with You,2010,3,Others,Animation
O Filme do Bruno Aleixo,2010,0,Others,Comedy
"Platform, The",2010,1,Others,Horror
"Specials, The",2010,1,Others,Comedy
Saand Ki Aankh,2010,3,Others,Biography
Love Live! Sunshine!! The School Idol Movie: Over The Rainbow,2010,3,Others,Animation
Furie,2010,3,Others,Action
Guns Akimbo,2010,3,Others,Action
Vivarium,2010,3,Others,Horror
"Ground Beneath My Feet, The",2010,3,Others,Drama
Une Paire de Jumelles,2010,3,Others,Short
"Body Remembers When The World Broke Open, The",2010,3,Others,Drama
Frankie,2010,3,Others,Drama
La Peor de Mis Bodas 2,2010,3,Others,Comedy
Top End Wedding,2010,3,Others,Comedy
"hockey girls, The",2010,3,Others,Drama
Ip Man 4: The Finale,2010,3,Others,Action
Babyteeth,2010,3,Others,Comedy
"A Dark, Dark Man",2010,1,Others,Crime
"Legend of Hei (Luo Xiao Hei zhan ji), The",2010,0,Others,Animation
A.M.I.,2010,3,Others,Horror
My Hero Academia: Heroes Rising,2010,3,Others,Animation
Maria,2010,3,Others,Action
Fahim,2010,1,Others,Biography
Saga of Tanya the Evil - The Movie,2010,3,Others,Animation
Code 8,2010,1,Others,Action
Papicha,2010,3,Others,Drama
Performaniax,2010,3,Others,Thriller
Horrible Histories: The Movie - Rotten Romans,2010,3,Others,Comedy
Les Parfums,2010,3,Others,Comedy
Carmilla,2010,3,Others,Drama
Blood Machines,2010,3,Others,Adventure
Katharine Hepburn,2010,3,Others,Documentary
Helen,2010,3,Others,Drama
Kim Ji-young: Born 198,2010,3,Others,Drama
Judy,2010,3,Others,Biography
Saint Maud,2010,3,Others,Drama
Batman: Hush,2010,3,Others,Animation
Promare,2010,3,Others,Animation
Aspromonte: Land of the Forgotten,2010,1,Others,Drama
Lunana: A Yak in the Classroom,2010,1,Others,Drama
Deliciosa Fruta Seca,2010,3,Others,Drama
Ghost Tropic,2010,3,Others,Drama
&amp;#24179;&amp;#23433;  or HEIAN,2010,3,Others,Short
Ek Ladki Ko Dekha Toh Aisa Laga,2010,3,Others,Comedy
A tale of three sisters (K&amp;#305;z karde&amp;#351;ler),2010,3,Others,Drama
Yummy,2010,3,Others,Comedy
Blood Vessel,2010,3,Others,Fantasy
"Unlisted, The",2010,3,Others,Crime
Batman vs Teenage Mutant Ninja Turtles,2010,3,Others,Animation
Ascendance of a Bookworm,2010,3,Others,Animation
Tout ce qu&#39;il me reste de la r&eacute;volution,2010,3,Others,Comedy
Better days,2010,3,Others,Crime
Extraordinary You,2010,1,Others,Comedy
Jeune Juliette,2010,3,Others,Comedy
A Shaun the Sheep Movie: Farmageddon,2010,0,Others,Animation
"Marijuana Conspiracy , The",2020,3,Others,Drama
Platzspitzbaby,2020,3,Others,Drama
Living Aims,2020,2,Others,Short
"Veil, The",2020,3,Others,Short
18 Presents,2020,3,Others,Drama
Tout simplement noir,2020,1,Others,Comedy
Wolfwalkers,2020,3,Others,Animation
Sputnik,2020,0,Others,Drama
Druk,2020,1,Others,Drama
Summerland,2020,1,Others,Drama
"Stunt Double, The",2020,1,Others,Short
"Call, The",2020,3,Others,Crime
Ludo,2020,3,Others,Action
Santana,2020,1,Others,Action
Host,2020,3,Others,Horror
Herself,2020,3,Others,Drama
Cadaver,2020,3,Others,Drama
Train to Busan Presents: Peninsula,2020,3,Others,Action
Malmkrog,2020,3,Others,Drama
Slaxx,2020,3,Others,Comedy
How to Be a Good Wife,2020,3,Others,Comedy
From Stress to Happiness,2020,1,Others,Documentary
Misbehaviour,2020,3,Others,Comedy
Summer of 85,2020,1,Others,Drama
Breath,2020,0,Others,Short
My Salinger Year,2020,3,Others,Drama
"Evil Next Door, The",2020,3,Others,Horror
You Will Never Be Back,2020,3,Others,Short
Iskioma,2020,0,Others,Short
Jiang Ziya: Legend of Deification,2020,2,Others,Animation
Demon Slayer: Mugen Train,2020,0,Others,Animation
Silver Skates,2020,2,Others,Adventure
"Woman Who Ran, The",2020,3,Others,Drama
French Exit,2020,3,Others,Comedy
June Again,2020,1,Others,Drama
Justice League Dark: Apokolips War,2020,3,Others,Animation
Tove,2020,3,Others,Biography
His House,2020,3,Others,Drama
Swimming for Gold,2020,1,Others,Family
After Love,2020,3,Others,Drama
"Island of Lies, The",2020,3,Others,Drama
Limbo,2020,0,Others,Comedy
ADN,2020,3,Others,Drama
Sweet Home,2020,1,Others,Drama
Woodland,2020,1,Others,Thriller
Made in Abyss:Dawn of the Deep Soul,2020,1,Others,Animation
Digimon Adventure: Last Evolution Kizuna,2020,3,Others,Animation
My First Summer,2020,3,Others,Drama
High Ground,2020,2,Others,Action
Sweetheart,2020,3,Others,Comedy
Sentinelle,2020,3,Others,Action
Cousins,2020,3,Others,Drama
Ajeeb Daastaans,2020,3,Others,Drama
Radhe,2020,0,Others,Action
Titane,2020,2,Others,Drama
Drive My Car,2020,3,Others,Drama
Madame Claude,2020,3,Others,Biography
"La Luna, Tomasico y mi abuela",2020,0,Others,Short
Borga,2020,3,Others,Drama
Last Night in Soho,2020,3,Others,Drama
Petite Maman,2020,3,Others,Drama
"Retreat, The",2020,3,Others,Horror
A Classic Horror Story,2020,3,Others,Drama
The Worst Person in the World,2020,3,Others,Comedy
Boiling Point,2020,3,Others,Drama
Belfast,2020,1,Others,Biography
Parallel Mothers,2020,3,Others,Drama
Flashback,2020,3,Others,Comedy
Hiraeth,2020,3,Others,Drama
Great Freedom,2020,0,Others,Drama
G&ucirc;zen to s&ocirc;z&ocirc; [Wheel of Fortune and Fantasy],2020,3,Others,Drama
Lamb,2020,1,Others,Drama
Benedetta,2020,3,Others,Biography
Black Box,2020,1,Others,Drama
Bull,2020,1,Others,Crime
Pushpa: The Rise - Part 1,2020,2,Others,Action
Official Competition,2020,1,Others,Comedy
Around the World in 80 Days,2020,3,Others,Adventure
"Paris, 13th District (Les Olympiades, Paris 13e)",2020,3,Others,Comedy
"Young Lovers, The",2020,3,Others,Drama
France,2020,3,Others,Comedy
Bem Bom,2020,3,Others,Drama
Everything Will Change,2020,0,Others,Drama
Hear Me Out,2020,3,Others,Comedy
Jujutsu Kaisen 0,2020,1,Others,Animation
"innocents , The",2020,1,Others,Drama
Ride or Die,2020,1,Others,Crime
Inmersi&oacute;n,2020,1,Others,Thriller
7 Women and a Murder,2020,3,Others,Comedy
Farha,2020,3,Others,Drama
Gibi,2020,0,Others,Comedy
Evangelion: 3.0+1.01 Thrice Upon a Time,2020,3,Others,Animation
Enqu&ecirc;te sur un scandale d&#39;&eacute;tat,2020,1,Others,Crime
Supernova,2020,2,Others,Drama
Allra s&iacute;&eth;asta vei&eth;ifer&eth;in,2020,1,Others,Comedy
Men,2020,3,Others,Drama
Incroyable mais vrai,2020,1,Others,Comedy
Badhaai Do,2020,3,Others,Crime
Mrs Harris Goes to Paris,2020,3,Others,Comedy
Save the Cinema,2020,3,Others,Comedy
Blasted,2020,3,Others,Action
La nuit du 12,2020,3,Others,Crime
Dragon Ball Super: Super Hero,2020,3,Others,Animation
Gangubai Kathiawadi,2020,3,Others,Biography
Blackbird,2020,1,Others,Action
Dark Glasses,2020,3,Others,Horror
Darlings,2020,3,Others,Comedy
"Quiet Girl (An Cail&iacute;n Ci&uacute;in), The",2020,3,Others,Drama
"Novelist&#39;s Film (So-seol-ga-ui Yeong-hwa), The",2020,3,Others,Drama
As bestas,2020,3,Others,Drama
Athena,2020,2,Others,Action
Tout le monde aime Jeanne,2020,3,Others,Comedy
Remains of the Wind,2020,2,Others,Drama
A Fada do Lar,2020,3,Others,Comedy
L&#39;autre rive,2020,3,Others,Short
"Stranger, The",2020,3,Others,Crime
"Legend of Maula Jatt, The",2020,3,Others,Action
El cuarto pasajero,2020,0,Others,Adventure
Nayola,2020,3,Others,Animation
My Grandfather&#39;s Demons,2020,3,Others,Animation
One Fine Morning,2020,3,Others,Drama
"Movie Star, The",2020,1,Others,Drama
One Piece: Film Red,2020,3,Others,Animation
Your Christmas or Mine?,2020,3,Others,Comedy
Broker,2020,3,Others,Comedy
Ruido (Noise),2020,3,Others,Drama
RRR,2020,2,Others,Action
Cici,2020,3,Others,Drama
Burning Days (Kurak G&uuml;nler),2020,1,Others,Drama
Qala,2020,3,Others,Drama
What&#39;s Love Got to Do with It,2020,1,Others,Comedy
EL Agua,2020,3,Others,Drama
Great Yarmouth: Provisional Figures,2020,3,Others,Drama
Goutte d&#39;Or,2020,1,Others,Drama
Grand Paris,2020,0,Others,Comedy
Suzume,2020,3,Others,Animation
Talk To Me,2020,3,Others,Horror
Against the Ice,2020,0,Others,Adventure
Jaya jaya jaya hey,2020,3,Others,Comedy
Vamos a la playa,2020,3,Others,Drama
"Den siste v&aring;ren (Sister, What Grows Where Land Is Sick?)",2020,3,Others,Drama
La montagne,2020,0,Others,Adventure
Close,2020,1,Others,Drama
Decision To Leave,2020,3,Others,Crime
Alcarr&agrave;s,2020,3,Others,Drama
"Planters Plantation, The",2020,3,Others,Drama
Lullaby,2020,3,Others,Drama
Io Capitano,2020,0,Others,Drama
Pathaan,2020,3,Others,Action
Ast&eacute;rix et Ob&eacute;lix: L&#39;Empire du Milieu,2020,3,Others,Adventure
Les choses simples,2020,1,Others,Comedy
Demon Slayer: Kimetsu No Yaiba - To the Swordsmith Village,2020,3,Others,Animation
"Young Arsonists, The",2020,3,Others,Drama
Je verrai toujours vos visages,2020,3,Others,Drama
Bad Living,2020,3,Others,Drama
Living Bad,2020,3,Others,Drama
Liu lang di qiu 2,2020,1,Others,Action
InCar,2020,1,Others,Drama
Four Daughters,2020,3,Others,Documentary
Polite Society,2020,3,Others,Action
Tarla,2020,3,Others,Biography
Concrete Utopia,2020,3,Others,Action
"Portable Door, The",2020,3,Others,Adventure
Anatomie d&#39;une chute,2020,3,Others,Crime
"Thank You, I&#146;m sorry",2020,3,Others,Comedy
Kuolleet lehdet,2020,2,Others,Comedy
Wingwomen,2020,3,Others,Action
BlackBerry,2020,1,Others,Biography
Godzilla Minus One,2020,3,Others,Action
Jawan,2020,3,Others,Action
"Boy and The Heron, The",2020,1,Others,Animation
A Beautiful Life,2020,3,Others,Drama
Conann,2020,3,Others,Action
"Zepotha Killer, The",2020,3,Others,Short
Je&#39;vida,2020,3,Others,Drama
"G, The",2020,1,Others,Crime
Second tour,2020,2,Others,Comedy
Nowhere,2020,3,Others,Drama
Leo,2020,3,Others,Action
Wahou!,2020,3,Others,Comedy
La Sociedad de la Nieve,2020,0,Others,Adventure
Chien de la casse,2020,1,Others,Comedy
Explanation For Everything,2020,2,Others,Drama
My Fault,2020,1,Others,Drama
Spy &times; Family Code: White,2020,1,Others,Animation
There&#39;s Still Tomorrow,2020,3,Others,Comedy
Perfect Days,2020,2,Others,Drama
Dounia and the Princess of Aleppo,2020,3,Others,Animation
La chimera,2020,3,Others,Adventure
Invitation to a Murder,2020,3,Others,Mystery
Dunki,2020,1,Others,Action
Shaitaan,2020,3,Others,Drama
Kalki 2898 AD,2020,1,Others,Action
Ullozhukku,2020,3,Others,Drama
Dan Da Dan: First Encounter,2020,3,Others,Animation
"Queen of Villains, The",2020,3,Others,Biography
"Substance, The",2020,1,Others,Drama
"Blue Angel, The",1930,1,Others,Drama
L&#39;Age d&#39;Or,1930,0,Others,Comedy
Murder!,1930,3,Others,Crime
M,1930,3,Others,Crime
M&auml;dchen in Uniform,1950,3,Others,Drama
La Chienne,1930,3,Others,Crime
A Nous la Liberte,1930,1,Others,Comedy
"Skin Game, The",1930,3,Others,Drama
Rich and Strange [East of Shanghai],1930,2,Others,Comedy
Hyppolit a lakaj,1930,1,Others,Comedy
Boudu Saved from Drowning,1930,1,Others,Comedy
"I Was Born, But...",1930,1,Others,Comedy
Vampyr,1930,3,Others,Fantasy
"Blue Light (Das Blaue Licht), The",1930,1,Others,Drama
Number 17,1930,0,Others,Crime
"Private Life of Henry VIII., The",1930,1,Others,Biography
L&#39;atalante,1930,0,Others,Comedy
"Man Who Knew Too Much, The",1930,3,Others,Crime
"39 Steps, The",1930,3,Others,Crime
"Riverside Murder, The",1930,2,Others,Crime
Osaka Elegy,1930,3,Others,Comedy
"Only Son, The",1930,3,Others,Drama
Sabotage,1930,3,Others,Crime
Il caso Valdemar,1930,0,Others,Short
Secret Agent,1930,3,Others,Mystery
Knight Without Armor,1930,2,Others,Adventure
Murder at the Baskervilles (Silver Blaze),1930,1,Others,Crime
Pepe le Moko,1930,2,Others,Crime
"Girl Was Young, The",1930,3,Others,Crime
"Bizarre, Bizarre",1930,3,Others,Comedy
"Lady Vanishes, The",1930,3,Others,Mystery
"Baker&#39;s Wife, The",1930,1,Others,Comedy
"Rules of the Game, The",1930,3,Others,Comedy
Jamaica Inn,1930,3,Others,Adventure
Le jour se l&egrave;ve,1930,2,Others,Crime
Chamber of Horrors / Door with the Seven Locks,1940,2,Others,Drama
Gaslight,1940,3,Others,Mystery
49th Parallel,1940,0,Others,Drama
There Was a Father,1940,0,Others,Drama
Day of Wrath,1940,3,Others,Drama
"Life and Death of Colonel Blimp, The",1940,2,Others,Drama
Le Corbeau: The Raven,1940,3,Others,Crime
Judo Saga (Sanshiro Sugata),1940,0,Others,Action
Fires Were Started,1940,0,Others,Drama
La main du diable,1940,1,Others,Fantasy
Angels of Sin,1940,3,Others,Drama
Ossessione,1940,1,Others,Crime
Millions Like Us,1940,3,Others,Drama
Torment,1940,0,Others,Drama
"Most Beautiful (Ichiban utsukushiku), The",1940,3,Others,Drama
A Canterbury Tale,1940,3,Others,Comedy
Die Feuerzangenbowle,1940,1,Others,Comedy
I Know Where I&#39;m Going,1940,3,Others,Drama
"Seventh Veil, The",1940,3,Others,Drama
"Rome, Open City",1940,3,Others,Drama
Children of Paradise,1940,2,Others,Drama
Dead of Night,1940,3,Others,Drama
Les dames du Bois de Boulogne,1940,3,Others,Drama
"Wicked Lady, The",1940,3,Others,Adventure
Stairway to Heaven,1940,0,Others,Drama
Beauty and the Beast,1940,3,Others,Drama
"Years Between, The",1940,3,Others,Drama
Great Expectations,1940,2,Others,Adventure
Black Narcissus,1940,3,Others,Drama
Odd Man Out,1940,2,Others,Crime
Nada,1940,3,Others,Drama
"Red Shoes, The",1940,3,Others,Drama
Hamlet,1940,1,Others,Drama
Bonnie Prince Charlie,1940,2,Others,Biography
Anna Karenina,1940,2,Others,Drama
Bicycle Thieves,1940,2,Others,Drama
It Happened in Europe,1940,0,Others,Drama
Brighton Rock,1940,3,Others,Crime
Spring in a Small Town - &amp;#26149;&amp;#20043;&amp;#22478;&amp;#23567;,1940,3,Others,Drama
Late Spring,1940,3,Others,Comedy
Kind Hearts and Coronets,1940,1,Others,Comedy
Under Capricorn,1940,3,Others,Crime
Jour de Fete,1940,0,Others,Comedy
Flame of My Love,1940,3,Others,Drama
Rashomon,1950,0,Others,Crime
Orpheus,1950,2,Others,Drama
Odette,1950,3,Others,Drama
Stage Fright,1950,3,Others,Film-Noir
Scandal,1950,3,Others,Drama
Les enfants terribles,1950,3,Others,Drama
Diary of a Country Priest,1950,1,Others,Drama
Early Summer,1950,3,Others,Comedy
Bellissima,1950,3,Others,Drama
"Idiot, The",1950,3,Others,Drama
Surcos,1950,3,Others,Crime
"Magic Box, The",1950,2,Others,Biography
Forbidden Games,1950,3,Others,Comedy
Ikiru,1950,1,Others,Drama
Europe &#39;51,1950,3,Others,Drama
Parasakthi,1950,2,Others,Drama
"Sound Barrier, The",1950,3,Others,Adventure
Le Salaire de la Peur,1950,1,Others,Adventure
Tokyo Story,1950,3,Others,Drama
"Cruel Sea, The",1950,3,Others,Drama
Mr. Hulot&#39;s Holiday,1950,3,Others,Comedy
Ugetsu,1950,2,Others,Drama
Summer with Monika,1950,3,Others,Drama
"earrings of Madame de..., The",1950,3,Others,Drama
"Man Between, The",1950,3,Others,Crime
Touchez pas au grisbi,1950,1,Others,Crime
Hobson&#39;s Choice,1950,3,Others,Comedy
Shichinin no samurai,1950,0,Others,Action
Journey to Italy,1950,3,Others,Drama
Late Chrysanthemuns,1950,3,Others,Drama
Attila,1950,2,Others,Biography
Gojira,1950,1,Others,Horror
Uwasa no onna,1950,3,Others,Drama
Comicos,1950,3,Others,Drama
An American in Rome,1950,1,Others,Comedy
Miseria e nobilta,1950,3,Others,Comedy
Senso,1950,1,Others,Drama
Sommarnattens leende (Smiles of a Summer Night),1950,2,Others,Comedy
"Ladykillers, The",1950,3,Others,Comedy
Diabolique,1950,3,Others,Crime
"Dam Busters, The",1950,1,Others,Drama
Rififi,1950,1,Others,Crime
Pather Panchali,1950,3,Others,Drama
Godzilla Raids Again,1950,2,Others,Action
"Prisoner, The",1950,0,Others,Drama
Les grandes manoeuvres,1950,3,Others,Comedy
Le amiche,1950,3,Others,Drama
Lola Mont&egrave;s,1950,3,Others,Biography
Richard III,1950,3,Others,Biography
School for Love,1950,3,Others,Comedy
"Spanish Gardener, The",1950,2,Others,Drama
"Iron Petticoat, The",1950,1,Others,Comedy
...And God Created Woman,1950,3,Others,Drama
Aparajito,1950,3,Others,Drama
Un condamne a mort s&#39;est echappe ou Le vent souffle ou il veut,1950,0,Others,Drama
Rodan,1950,1,Others,Action
Calle mayor [Main Street],1950,3,Others,Drama
Flowing,1950,3,Others,Drama
Eyewitness,1950,3,Others,Crime
Sissi - The Young Empress,1950,3,Others,Drama
La banda degli onesti,1950,2,Others,Comedy
"Captain from Kopenick, The",1950,1,Others,Comedy
Le coup du berger,1950,3,Others,Short
Yield to the Night,1950,3,Others,Crime
Her Bridal Night,1950,3,Others,Comedy
"Cranes Are Flying, The",1950,3,Others,Drama
Nights of Cabiria,1950,3,Others,Drama
Kanal,1950,1,Others,Drama
"Seventh Seal, The",1950,1,Others,Drama
Night of the Demon,1950,3,Others,Fantasy
Smultronst&auml;llet (Wild Strawberries),1950,2,Others,Drama
Oedipus Rex,1950,1,Others,Drama
"Mysterians, The",1950,3,Others,Action
Throne of Blood,1950,0,Others,Drama
Amanecer en Puerta Oscura,1950,3,Others,Action
El vampiro,1950,3,Others,Mystery
Danger stalks near,1950,3,Others,Comedy
La Parisienne,1950,2,Others,Comedy
"Fabulous World of Jules Verne, The",1950,0,Others,Adventure
"Day the Sky Exploded, The",1950,1,Others,Sci-Fi
Dracula (Horror of Dracula),1950,3,Others,Drama
Mon Oncle,1950,3,Others,Comedy
Indiscreet,1950,3,Others,Comedy
Love Is My Profession,1950,3,Others,Crime
Blood of the Vampire,1950,0,Others,Horror
"Hidden Fortress, The",1950,0,Others,Action
Brink of Life,1950,3,Others,Drama
"Female, The",1950,2,Others,Drama
"Night Heaven Fell, The",1950,3,Others,Crime
Turma da Monica: Lacos,2010,2,Others,Adventure
Ad Astra,2010,1,Others,Adventure
Bacurau,2010,3,Others,Action
HELEN,2010,1,Others,Adventure
Quebramar,2010,3,Others,Documentary
Marighella,2010,3,Others,Action
America: The Motion Picture,2020,3,Others,Animation
My Little Pony: The Movie,2010,3,Others,Animation
Call Me by Your Name,2010,3,Others,Drama
"Ant&oacute;nio Um, Dois, Tr&Ecirc;s",2010,3,Others,Comedy
"Heiresses, The",2010,3,Others,Drama
"Predator, The",2010,1,Others,Action
Skate Kitchen,2010,3,Others,Drama
Tito e os Passaros,2010,1,Others,Animation
Deslembro,2010,3,Others,Drama
Meio Irmao,2010,3,Others,Drama
Diamantino,2010,3,Others,Comedy
Que Horas Ela Volta?,2010,3,Others,Comedy
Boi Neon,2010,3,Others,Drama
Aluguel: O Filme,2010,0,Others,Short
Aquarius,2010,3,Others,Drama
Breathing Deep,2010,1,Others,Drama
City of God,2000,1,Others,Crime
"Man Who Copied, The",2000,2,Others,Comedy
Fear X,2000,1,Others,Thriller
Nina,2000,3,Others,Drama
AEon Flux,2000,3,Others,Action
"Boy and the World, The",2010,0,Others,Animation
Flores Raras,2010,3,Others,Biography
Open Road,2010,3,Others,Drama
Minha Mae e uma Peca: O Filme,2010,3,Others,Comedy
Hoje Eu Quero Voltar Sozinho,2010,3,Others,Drama
Praia do Futuro,2010,1,Others,Drama
A Noite da Virada,2010,3,Others,Comedy
Ardor,2010,0,Others,Drama
Ventos de Agosto,2010,3,Others,Drama
Trash,2010,1,Others,Adventure
Anaconda,1990,2,Others,Action
Central Station,1990,3,Others,Drama
Double Trouble,1980,0,Others,Action
Kiss of the Spider Woman,1980,2,Others,Drama
Hour of the Star,1980,3,Others,Drama
Marte Um,2020,3,Others,Drama
